Customer,Spectral Frequency,K-means cluster,Profiles
2,24.0,1,['KVKSEGMENT_8']
3,24.0,1,['E3A']
4,1.72,18,['KVKSEGMENT_6']
5,24.0,1,['E3A']
6,24.0,1,['KVKSEGMENT_20']
7,24.0,1,['KVKSEGMENT_17']
9,12.0,2,['KVKSEGMENT_4']
10,24.0,1,['E3C']
12,0.55,25,['KVKSEGMENT_20']
14,0.56,25,['KVKSEGMENT_10']
15,0.97,0,['KVKSEGMENT_5']
19,1.0,0,['KVKSEGMENT_1']
21,12.0,2,['KVKSEGMENT_16']
22,1.0,0,['KVKSEGMENT_14']
23,6.0,4,['KVKSEGMENT_4']
24,12.0,2,['E3D']
25,24.0,1,['E3D']
26,2.4,5,['E3B']
28,0.71,13,['KVKSEGMENT_18']
29,0.67,22,['KVKSEGMENT_1']
30,0.58,17,['E3A']
31,24.0,1,['E3B']
34,1.2,14,['KVKSEGMENT_8']
35,24.0,1,['E3B']
37,24.0,1,['E3B']
38,24.0,1,['KVKSEGMENT_14']
39,0.5,6,['E3C']
41,24.0,1,['E3A']
42,12.0,2,['KVKSEGMENT_13']
44,1.02,0,['KVKSEGMENT_17']
45,24.0,1,['KVKSEGMENT_1']
46,0.51,6,['KVKSEGMENT_2']
47,12.0,2,['E3A']
48,24.0,1,['E3A']
51,24.0,1,['KVKSEGMENT_16']
52,0.5,6,['KVKSEGMENT_4']
53,0.52,6,['KVKSEGMENT_10']
54,6.0,4,['KVKSEGMENT_1']
55,0.75,13,['KVKSEGMENT_11']
56,24.0,1,['KVKSEGMENT_18']
57,0.51,6,['E3A']
58,0.59,17,['KVKSEGMENT_11']
59,0.68,22,['E3B']
61,24.0,1,['KVKSEGMENT_20']
64,24.0,1,['KVKSEGMENT_8']
65,0.53,6,['KVKSEGMENT_7']
66,0.7,22,['E3A']
67,1.09,0,['E3A']
68,2.0,9,['KVKSEGMENT_14']
69,0.5,6,['KVKSEGMENT_8']
71,24.0,1,['KVKSEGMENT_12']
73,24.0,1,['E3C']
75,24.0,1,['E3B']
76,0.55,25,['KVKSEGMENT_19']
77,1.0,0,['KVKSEGMENT_8']
78,8.0,7,['KVKSEGMENT_8']
81,12.0,2,['E3B']
82,0.65,22,['E3C']
83,24.0,1,['KVKSEGMENT_4']
85,0.5,6,['KVKSEGMENT_14']
87,24.0,1,['KVKSEGMENT_1']
88,0.59,17,['KVKSEGMENT_14']
89,24.0,1,['E3A']
92,24.0,1,['E3C']
93,1.33,19,['KVKSEGMENT_1']
94,24.0,1,['E3B']
95,24.0,1,['KVKSEGMENT_16']
96,0.54,25,['E3A']
97,0.5,6,['KVKSEGMENT_8']
99,1.26,19,['KVKSEGMENT_2']
100,24.0,1,['KVKSEGMENT_4']
101,24.0,1,['KVKSEGMENT_11']
102,0.6,17,['KVKSEGMENT_8']
105,24.0,1,['E3A']
108,1.0,0,['E3B']
109,0.52,6,['E3A']
113,0.53,6,['E3B']
114,0.51,6,['E3C']
115,24.0,1,['KVKSEGMENT_16']
116,24.0,1,['KVKSEGMENT_1']
117,12.0,2,['KVKSEGMENT_8']
118,24.0,1,['E3C']
120,24.0,1,['KVKSEGMENT_10']
121,1.0,0,['E3B']
125,3.81,8,['E3A']
126,24.0,1,['KVKSEGMENT_8']
128,12.0,2,['E3C']
129,4.0,8,['E3C']
132,0.56,25,['KVKSEGMENT_13']
133,12.0,2,['E3C']
134,24.0,1,['KVKSEGMENT_15']
136,2.4,5,['KVKSEGMENT_8']
137,0.5,6,['KVKSEGMENT_8']
139,8.0,7,['KVKSEGMENT_8']
140,0.51,6,['KVKSEGMENT_1']
141,24.0,1,['KVKSEGMENT_8']
142,24.0,1,['KVKSEGMENT_12']
143,6.45,23,['KVKSEGMENT_6']
145,24.0,1,['KVKSEGMENT_8']
146,6.0,4,['KVKSEGMENT_13']
147,0.51,6,['KVKSEGMENT_15']
149,1.0,0,['KVKSEGMENT_14']
150,0.5,6,['E3A']
153,0.68,22,['KVKSEGMENT_11']
154,24.0,1,['KVKSEGMENT_4']
155,0.52,6,['KVKSEGMENT_20']
156,24.0,1,['E3B']
157,24.0,1,['E3A']
159,24.0,1,['KVKSEGMENT_1']
161,24.0,1,['E3A']
163,24.0,1,['E3B']
165,3.0,11,['E3C']
166,24.0,1,['E3C']
169,0.5,6,['E3C']
170,24.0,1,['E3D']
171,24.0,1,['E3C']
174,0.6,17,['KVKSEGMENT_8']
175,1.36,19,['E3A']
176,0.5,6,['E3C']
177,1.33,19,['E3B']
179,1.0,0,['KVKSEGMENT_4']
182,1.0,0,['E3C']
183,24.0,1,['KVKSEGMENT_20']
184,24.0,1,['KVKSEGMENT_8']
185,24.0,1,['KVKSEGMENT_10']
187,0.5,6,['KVKSEGMENT_6']
188,0.55,25,['KVKSEGMENT_13']
189,0.65,22,['KVKSEGMENT_16']
190,0.52,6,['KVKSEGMENT_13']
193,0.52,6,['E3C']
194,1.34,19,['E3C']
195,0.5,6,['E3C']
198,1.2,14,['KVKSEGMENT_8']
199,24.0,1,['E3A']
200,0.51,6,['E3C']
202,0.53,6,['E3C']
204,24.0,1,['KVKSEGMENT_1']
205,0.52,6,['KVKSEGMENT_20']
207,0.63,22,['KVKSEGMENT_11']
208,0.69,22,['E3C']
213,24.0,1,['KVKSEGMENT_7']
214,1.57,18,['KVKSEGMENT_4']
218,24.0,1,['E3B']
219,12.0,2,['E3B']
220,0.5,6,['E3C']
221,24.0,1,['E3A']
222,24.0,1,['E3C']
224,24.0,1,['KVKSEGMENT_8']
225,24.0,1,['KVKSEGMENT_1']
226,0.95,0,['KVKSEGMENT_16']
227,12.0,2,['KVKSEGMENT_10']
230,0.53,6,['KVKSEGMENT_13']
231,0.51,6,['E3A']
232,0.58,17,['KVKSEGMENT_18']
234,0.6,17,['KVKSEGMENT_8']
235,12.0,2,['KVKSEGMENT_10']
236,2.0,9,['E3B']
237,24.0,1,['KVKSEGMENT_10']
238,0.69,22,['KVKSEGMENT_1']
239,1.0,0,['E3A']
240,24.0,1,['KVKSEGMENT_1']
241,1.41,10,['KVKSEGMENT_1']
245,24.0,1,['KVKSEGMENT_8']
248,0.5,6,['E3C']
249,24.0,1,['E3C']
250,24.0,1,['E3A']
252,0.51,6,['E3A']
253,8.0,7,['E3A']
254,0.52,6,['E3C']
255,24.0,1,['KVKSEGMENT_1']
256,2.4,5,['KVKSEGMENT_8']
259,1.0,0,['KVKSEGMENT_8']
260,3.0,11,['E3A']
261,0.5,6,['KVKSEGMENT_1']
265,24.06,1,['KVKSEGMENT_19']
266,0.52,6,['E3A']
267,0.5,6,['KVKSEGMENT_6']
268,0.5,6,['KVKSEGMENT_1']
271,0.57,25,['E3A']
272,2.4,5,['KVKSEGMENT_8']
273,24.0,1,['KVKSEGMENT_8']
275,0.68,22,['E3B']
277,1.0,0,['KVKSEGMENT_1']
279,24.0,1,['KVKSEGMENT_8']
281,0.52,6,['KVKSEGMENT_14']
282,0.6,17,['E3A']
283,1.26,19,['E3A']
284,1.0,0,['E3C']
285,24.0,1,['KVKSEGMENT_14']
286,0.5,6,['E3A']
287,0.87,21,['KVKSEGMENT_8']
288,8.0,7,['KVKSEGMENT_18']
289,0.7,22,['KVKSEGMENT_16']
292,0.56,25,['KVKSEGMENT_1']
294,1.26,19,['E3A']
295,0.51,6,['KVKSEGMENT_12']
296,0.5,6,['KVKSEGMENT_14']
297,24.0,1,['E3A']
298,24.0,1,['KVKSEGMENT_10']
299,24.0,1,['E3B']
300,12.0,2,['KVKSEGMENT_6']
303,24.0,1,['KVKSEGMENT_4']
304,0.5,6,['E3D']
306,24.0,1,['E3B']
307,24.0,1,['KVKSEGMENT_13']
308,0.5,6,['E3A']
309,24.0,1,['KVKSEGMENT_18']
311,1.0,0,['E3C']
312,2.0,9,['KVKSEGMENT_8']
313,0.65,22,['E3A']
314,24.0,1,['KVKSEGMENT_1']
315,0.92,21,['KVKSEGMENT_20']
317,8.0,7,['KVKSEGMENT_19']
319,24.0,1,['KVKSEGMENT_14']
320,24.0,1,['E3B']
323,0.52,6,['KVKSEGMENT_19']
324,24.0,1,['E3D']
326,24.0,1,['E3A']
327,24.0,1,['E3A']
330,24.0,1,['KVKSEGMENT_16']
331,0.62,17,['KVKSEGMENT_11']
332,0.55,25,['KVKSEGMENT_18']
333,0.52,6,['KVKSEGMENT_16']
334,1.6,18,['KVKSEGMENT_18']
335,0.75,13,['KVKSEGMENT_8']
336,1.6,18,['KVKSEGMENT_18']
338,12.0,2,['KVKSEGMENT_1']
340,0.55,25,['KVKSEGMENT_8']
342,0.86,21,['E3A']
345,0.54,25,['E3A']
346,24.0,1,['KVKSEGMENT_4']
347,24.0,1,['KVKSEGMENT_1']
349,24.0,1,['KVKSEGMENT_18']
350,12.0,2,['E3B']
351,0.58,17,['KVKSEGMENT_20']
352,8.0,7,['KVKSEGMENT_14']
353,0.52,6,['KVKSEGMENT_18']
356,0.67,22,['E3B']
360,2.67,16,['KVKSEGMENT_16']
361,0.6,17,['KVKSEGMENT_1']
362,0.66,22,['KVKSEGMENT_4']
363,24.0,1,['KVKSEGMENT_13']
364,24.0,1,['KVKSEGMENT_19']
366,24.0,1,['E3C']
367,0.57,25,['E3B']
368,2.67,16,['E3C']
369,0.53,6,['KVKSEGMENT_8']
370,12.0,2,['KVKSEGMENT_13']
371,0.54,25,['E3A']
372,0.62,17,['E3B']
373,1.09,0,['E3C']
375,24.0,1,['E3B']
376,0.73,13,['E3D']
377,24.0,1,['E3A']
380,0.86,21,['E3C']
381,1.33,19,['KVKSEGMENT_8']
383,0.74,13,['KVKSEGMENT_12']
384,24.0,1,['E3A']
385,0.6,17,['KVKSEGMENT_1']
386,1.17,14,['E3A']
388,12.0,2,['E3C']
389,0.5,6,['KVKSEGMENT_18']
392,1.0,0,['KVKSEGMENT_1']
394,0.61,17,['KVKSEGMENT_6']
397,24.0,1,['KVKSEGMENT_4']
398,0.51,6,['KVKSEGMENT_10']
401,6.0,4,['KVKSEGMENT_12']
402,0.75,13,['KVKSEGMENT_17']
403,0.96,0,['E3C']
404,12.0,2,['KVKSEGMENT_10']
405,0.5,6,['E3A']
406,12.0,2,['E3B']
407,3.0,11,['E3A']
408,24.0,1,['KVKSEGMENT_16']
410,0.63,22,['KVKSEGMENT_10']
411,1.0,0,['E3B']
412,0.52,6,['E3B']
413,0.51,6,['KVKSEGMENT_13']
414,24.0,1,['KVKSEGMENT_18']
415,0.5,6,['KVKSEGMENT_8']
416,0.89,21,['KVKSEGMENT_1']
417,24.0,1,['E3A']
418,24.0,1,['E3B']
419,1.0,0,['E3A']
421,24.0,1,['E3B']
423,24.0,1,['KVKSEGMENT_8']
425,0.5,6,['KVKSEGMENT_8']
426,0.55,25,['E3A']
427,1.41,10,['E3A']
428,24.0,1,['E3A']
430,1.2,14,['KVKSEGMENT_9']
432,1.04,0,['KVKSEGMENT_8']
433,24.0,1,['KVKSEGMENT_13']
434,24.0,1,['KVKSEGMENT_12']
436,1.0,0,['KVKSEGMENT_14']
437,24.0,1,['E3B']
438,0.67,22,['E3A']
439,2.0,9,['E3A']
440,24.0,1,['KVKSEGMENT_1']
441,2.18,20,['KVKSEGMENT_4']
442,24.0,1,['KVKSEGMENT_16']
443,24.0,1,['E3C']
445,24.0,1,['E3C']
448,0.51,6,['E3B']
449,24.0,1,['KVKSEGMENT_5']
450,0.51,6,['E3A']
451,0.59,17,['KVKSEGMENT_8']
452,1.0,0,['E3C']
453,0.5,6,['E3C']
454,24.0,1,['KVKSEGMENT_1']
455,24.0,1,['KVKSEGMENT_14']
457,24.0,1,['E3C']
458,0.5,6,['E3C']
459,0.5,6,['KVKSEGMENT_4']
460,0.73,13,['KVKSEGMENT_4']
461,24.0,1,['KVKSEGMENT_12']
463,24.0,1,['KVKSEGMENT_1']
465,24.0,1,['E3A']
466,2.4,5,['E3B']
467,24.0,1,['E3B']
468,24.0,1,['E3B']
470,0.51,6,['E3A']
471,0.53,6,['KVKSEGMENT_15']
473,1.04,0,['E3C']
474,0.69,22,['KVKSEGMENT_1']
475,0.75,13,['KVKSEGMENT_4']
481,0.5,6,['KVKSEGMENT_12']
482,0.56,25,['KVKSEGMENT_10']
484,0.6,17,['E3A']
485,24.0,1,['KVKSEGMENT_10']
486,0.55,25,['E3A']
487,1.0,0,['E3C']
488,12.0,2,['KVKSEGMENT_10']
489,0.55,25,['E3A']
490,0.54,25,['E3A']
491,24.0,1,['E3A']
493,0.7,22,['E3A']
494,1.0,0,['KVKSEGMENT_14']
497,24.0,1,['E3B']
498,0.52,6,['E3B']
499,24.0,1,['KVKSEGMENT_13']
500,0.67,22,['KVKSEGMENT_8']
501,12.0,2,['E3A']
502,1.41,10,['E3A']
503,24.0,1,['KVKSEGMENT_4']
505,12.0,2,['KVKSEGMENT_19']
508,8.0,7,['KVKSEGMENT_9']
509,24.0,1,['KVKSEGMENT_20']
510,24.0,1,['KVKSEGMENT_8']
511,0.77,13,['E3A']
512,0.5,6,['KVKSEGMENT_18']
513,0.5,6,['E3D']
514,24.0,1,['E3C']
518,12.0,2,['E3A']
520,0.57,25,['KVKSEGMENT_1']
521,0.56,25,['E3B']
522,0.75,13,['KVKSEGMENT_8']
523,24.0,1,['E3A']
524,0.55,25,['E3D']
525,24.0,1,['KVKSEGMENT_2']
526,12.0,2,['KVKSEGMENT_19']
527,0.52,6,['E3A']
529,0.54,25,['E3A']
531,24.0,1,['KVKSEGMENT_13']
533,0.51,6,['E3A']
536,24.0,1,['E3C']
537,12.0,2,['E3B']
538,12.0,2,['KVKSEGMENT_1']
543,24.0,1,['KVKSEGMENT_13']
544,0.5,6,['KVKSEGMENT_8']
545,24.0,1,['KVKSEGMENT_14']
546,24.0,1,['E3A']
547,24.0,1,['KVKSEGMENT_4']
548,0.6,17,['E3B']
549,24.0,1,['E3C']
554,0.5,6,['KVKSEGMENT_14']
555,24.0,1,['KVKSEGMENT_1']
556,24.0,1,['E3A']
557,24.0,1,['KVKSEGMENT_4']
558,24.0,1,['E3B']
559,24.0,1,['E3A']
560,0.51,6,['E3A']
561,0.51,6,['KVKSEGMENT_10']
562,24.0,1,['KVKSEGMENT_17']
563,24.0,1,['KVKSEGMENT_20']
564,1.33,19,['E3A']
566,0.52,6,['KVKSEGMENT_20']
567,24.0,1,['E3B']
568,24.0,1,['E3C']
569,0.51,6,['KVKSEGMENT_18']
571,12.0,2,['E3A']
572,0.68,22,['KVKSEGMENT_20']
575,0.51,6,['E3A']
576,24.0,1,['KVKSEGMENT_4']
577,0.5,6,['KVKSEGMENT_2']
578,2.67,16,['KVKSEGMENT_1']
579,1.33,19,['KVKSEGMENT_4']
580,0.6,17,['E3A']
581,0.56,25,['KVKSEGMENT_18']
582,0.7,22,['KVKSEGMENT_6']
583,24.0,1,['E3B']
584,0.67,22,['KVKSEGMENT_16']
585,8.0,7,['KVKSEGMENT_11']
587,24.0,1,['E3A']
588,0.51,6,['KVKSEGMENT_20']
589,0.53,6,['E3A']
590,0.54,25,['E3A']
592,2.0,9,['E3D']
595,0.56,25,['KVKSEGMENT_16']
597,0.52,6,['E3C']
598,0.55,25,['KVKSEGMENT_13']
599,1.5,10,['E3C']
601,0.52,6,['E3A']
603,24.0,1,['KVKSEGMENT_20']
605,2.0,9,['KVKSEGMENT_18']
607,24.0,1,['E3B']
608,24.0,1,['KVKSEGMENT_17']
610,24.0,1,['KVKSEGMENT_8']
611,0.56,25,['KVKSEGMENT_17']
613,1.24,14,['KVKSEGMENT_11']
614,6.0,4,['KVKSEGMENT_1']
615,0.52,6,['KVKSEGMENT_9']
616,0.82,21,['KVKSEGMENT_1']
618,0.55,25,['KVKSEGMENT_13']
619,0.75,13,['KVKSEGMENT_8']
620,0.5,6,['KVKSEGMENT_8']
621,24.0,1,['KVKSEGMENT_18']
622,24.0,1,['E3A']
624,0.5,6,['KVKSEGMENT_14']
625,24.0,1,['KVKSEGMENT_1']
627,24.0,1,['KVKSEGMENT_12']
630,2.4,5,['KVKSEGMENT_1']
631,24.0,1,['E3A']
633,24.0,1,['KVKSEGMENT_12']
634,0.51,6,['E3A']
637,1.5,10,['E3C']
638,1.0,0,['E3A']
639,24.0,1,['E3A']
640,24.0,1,['KVKSEGMENT_8']
641,0.55,25,['E3D']
642,24.0,1,['E3A']
643,0.51,6,['KVKSEGMENT_18']
647,0.5,6,['KVKSEGMENT_1']
648,24.0,1,['KVKSEGMENT_8']
649,24.0,1,['KVKSEGMENT_4']
650,0.55,25,['KVKSEGMENT_8']
651,0.67,22,['E3C']
653,24.0,1,['E3B']
654,24.0,1,['KVKSEGMENT_1']
655,0.86,21,['E3C']
656,24.0,1,['E3B']
658,24.0,1,['E3C']
659,24.0,1,['E3C']
661,3.0,11,['KVKSEGMENT_4']
662,0.66,22,['KVKSEGMENT_8']
663,24.0,1,['E3C']
665,1.41,10,['E3A']
666,0.5,6,['KVKSEGMENT_7']
667,0.57,25,['KVKSEGMENT_10']
669,12.0,2,['KVKSEGMENT_19']
671,24.0,1,['KVKSEGMENT_8']
672,0.57,25,['KVKSEGMENT_4']
673,0.51,6,['KVKSEGMENT_16']
674,24.0,1,['E3B']
675,0.53,6,['E3B']
676,24.0,1,['KVKSEGMENT_18']
677,24.0,1,['E3B']
678,0.61,17,['E3A']
682,0.51,6,['E3A']
684,24.0,1,['KVKSEGMENT_19']
685,0.6,17,['KVKSEGMENT_11']
686,24.0,1,['KVKSEGMENT_1']
687,0.6,17,['KVKSEGMENT_13']
688,12.0,2,['E3C']
689,1.0,0,['KVKSEGMENT_8']
692,0.5,6,['KVKSEGMENT_1']
693,24.0,1,['E3C']
694,24.0,1,['KVKSEGMENT_10']
696,24.0,1,['KVKSEGMENT_1']
698,0.54,25,['E3A']
700,1.5,10,['E3C']
702,1.0,0,['KVKSEGMENT_8']
703,2.0,9,['E3C']
704,24.0,1,['E3B']
705,24.0,1,['KVKSEGMENT_8']
707,24.0,1,['KVKSEGMENT_19']
708,24.0,1,['KVKSEGMENT_15']
710,24.0,1,['KVKSEGMENT_20']
713,0.51,6,['KVKSEGMENT_15']
714,0.72,13,['KVKSEGMENT_11']
715,2.0,9,['KVKSEGMENT_18']
717,24.0,1,['E3B']
718,24.0,1,['KVKSEGMENT_13']
719,24.0,1,['E3A']
720,24.0,1,['E3A']
721,0.85,21,['E3C']
722,0.5,6,['E3A']
723,1.71,18,['KVKSEGMENT_18']
725,0.51,6,['KVKSEGMENT_13']
727,24.0,1,['KVKSEGMENT_18']
728,24.0,1,['KVKSEGMENT_18']
729,0.75,13,['KVKSEGMENT_2']
730,0.54,25,['KVKSEGMENT_1']
731,0.51,6,['E3A']
732,24.0,1,['KVKSEGMENT_13']
734,24.0,1,['KVKSEGMENT_10']
735,1.0,0,['E3D']
737,1.04,0,['KVKSEGMENT_8']
738,24.0,1,['KVKSEGMENT_16']
741,1.14,14,['KVKSEGMENT_18']
742,2.18,20,['E3B']
745,6.0,4,['E3A']
746,0.96,0,['KVKSEGMENT_2']
747,24.0,1,['E3A']
749,12.0,2,['E3A']
750,2.0,9,['KVKSEGMENT_14']
752,0.56,25,['E3C']
753,12.0,2,['KVKSEGMENT_10']
756,4.8,12,['E3D']
757,0.5,6,['E3A']
758,0.62,17,['E3A']
759,24.0,1,['KVKSEGMENT_12']
763,24.0,1,['KVKSEGMENT_20']
765,24.0,1,['KVKSEGMENT_18']
768,2.67,16,['KVKSEGMENT_1']
770,0.6,17,['E3B']
771,0.92,21,['E3A']
773,24.0,1,['KVKSEGMENT_1']
774,0.86,21,['E3C']
775,24.0,1,['KVKSEGMENT_1']
776,1.34,19,['E3C']
777,0.5,6,['KVKSEGMENT_7']
778,0.75,13,['KVKSEGMENT_8']
779,0.61,17,['KVKSEGMENT_14']
781,24.0,1,['KVKSEGMENT_4']
785,24.0,1,['E3C']
786,2.4,5,['KVKSEGMENT_8']
787,24.0,1,['KVKSEGMENT_13']
788,24.0,1,['E3A']
790,1.33,19,['E3B']
796,0.59,17,['KVKSEGMENT_8']
797,24.0,1,['KVKSEGMENT_13']
798,0.77,13,['KVKSEGMENT_4']
799,24.0,1,['KVKSEGMENT_8']
802,24.0,1,['KVKSEGMENT_1']
805,24.0,1,['KVKSEGMENT_8']
806,24.0,1,['E3C']
808,12.0,2,['KVKSEGMENT_8']
809,8.0,7,['KVKSEGMENT_19']
810,8.0,7,['KVKSEGMENT_19']
812,24.0,1,['KVKSEGMENT_13']
813,1.56,10,['E3D']
814,1.33,19,['KVKSEGMENT_16']
815,1.0,0,['E3D']
817,24.0,1,['E3A']
818,1.04,0,['KVKSEGMENT_18']
820,0.5,6,['E3A']
822,24.0,1,['E3A']
823,0.53,6,['E3A']
824,1.0,0,['E3C']
827,0.86,21,['KVKSEGMENT_13']
828,24.0,1,['KVKSEGMENT_1']
829,6.0,4,['KVKSEGMENT_19']
831,8.0,7,['KVKSEGMENT_1']
832,24.0,1,['KVKSEGMENT_16']
834,24.0,1,['KVKSEGMENT_19']
835,24.0,1,['KVKSEGMENT_8']
836,12.0,2,['E3A']
837,24.0,1,['KVKSEGMENT_1']
839,1.71,18,['E3B']
843,1.26,19,['E3C']
844,24.0,1,['E3A']
845,24.0,1,['E3C']
846,24.0,1,['KVKSEGMENT_8']
849,24.0,1,['KVKSEGMENT_12']
851,3.43,15,['KVKSEGMENT_8']
852,0.63,22,['KVKSEGMENT_7']
854,24.0,1,['KVKSEGMENT_15']
858,0.57,25,['E3A']
861,24.0,1,['KVKSEGMENT_4']
862,0.56,25,['E3A']
863,0.96,0,['KVKSEGMENT_1']
864,1.41,10,['E3A']
865,24.0,1,['KVKSEGMENT_7']
867,24.0,1,['E3C']
868,24.0,1,['KVKSEGMENT_8']
869,24.0,1,['E3B']
872,0.51,6,['E3B']
873,24.0,1,['E3C']
874,24.0,1,['KVKSEGMENT_14']
875,24.0,1,['KVKSEGMENT_1']
877,0.96,0,['E3A']
878,24.0,1,['E3B']
880,0.59,17,['KVKSEGMENT_19']
881,0.5,6,['E3C']
883,24.0,1,['KVKSEGMENT_1']
884,0.51,6,['KVKSEGMENT_11']
888,12.0,2,['KVKSEGMENT_1']
889,4.0,8,['KVKSEGMENT_14']
890,0.67,22,['KVKSEGMENT_8']
891,0.5,6,['KVKSEGMENT_14']
893,24.0,1,['KVKSEGMENT_4']
895,0.83,21,['E3A']
897,24.0,1,['KVKSEGMENT_1']
898,0.5,6,['E3A']
899,0.5,6,['E3B']
900,24.0,1,['KVKSEGMENT_1']
902,0.55,25,['E3B']
903,24.0,1,['KVKSEGMENT_20']
904,24.0,1,['KVKSEGMENT_1']
905,24.0,1,['KVKSEGMENT_8']
906,2.0,9,['KVKSEGMENT_1']
907,24.0,1,['KVKSEGMENT_1']
910,1.33,19,['KVKSEGMENT_2']
911,1.6,18,['KVKSEGMENT_18']
912,0.51,6,['E3C']
915,24.0,1,['KVKSEGMENT_19']
917,0.59,17,['KVKSEGMENT_6']
918,24.0,1,['E3C']
921,0.5,6,['KVKSEGMENT_16']
925,24.0,1,['E3C']
927,24.0,1,['KVKSEGMENT_2']
931,0.51,6,['E3C']
932,0.55,25,['KVKSEGMENT_20']
934,0.55,25,['KVKSEGMENT_17']
935,0.67,22,['KVKSEGMENT_8']
936,24.0,1,['E3C']
938,0.54,25,['E3C']
939,0.67,22,['KVKSEGMENT_1']
940,8.0,7,['KVKSEGMENT_14']
941,12.0,2,['KVKSEGMENT_10']
943,0.56,25,['KVKSEGMENT_8']
944,0.5,6,['KVKSEGMENT_13']
945,0.88,21,['E3B']
946,0.53,6,['KVKSEGMENT_20']
948,0.54,25,['E3A']
952,24.0,1,['KVKSEGMENT_14']
954,0.52,6,['KVKSEGMENT_20']
955,24.0,1,['KVKSEGMENT_12']
957,12.0,2,['KVKSEGMENT_6']
958,0.67,22,['KVKSEGMENT_16']
961,24.0,1,['E3A']
963,0.76,13,['KVKSEGMENT_9']
964,24.0,1,['E3D']
966,1.2,14,['E3A']
967,0.5,6,['KVKSEGMENT_11']
969,24.0,1,['E3C']
973,24.0,1,['KVKSEGMENT_17']
977,24.0,1,['E3C']
978,24.0,1,['KVKSEGMENT_10']
986,24.0,1,['KVKSEGMENT_1']
987,24.0,1,['E3B']
988,4.14,8,['E3A']
991,0.53,6,['KVKSEGMENT_8']
992,0.89,21,['E3C']
993,24.0,1,['KVKSEGMENT_13']
994,24.0,1,['KVKSEGMENT_8']
995,0.54,25,['KVKSEGMENT_4']
997,24.0,1,['E3B']
999,24.0,1,['KVKSEGMENT_1']
1001,0.6,17,['E3B']
1003,24.0,1,['E3C']
1004,0.5,6,['E3B']
1005,0.58,17,['E3C']
1007,4.8,12,['KVKSEGMENT_8']
1008,0.52,6,['KVKSEGMENT_12']
1009,24.0,1,['KVKSEGMENT_20']
1010,24.0,1,['E3A']
1014,0.52,6,['E3B']
1015,24.0,1,['KVKSEGMENT_18']
1016,24.0,1,['E3B']
1017,0.51,6,['E3C']
1018,24.0,1,['KVKSEGMENT_4']
1019,0.53,6,['E3A']
1021,24.0,1,['E3C']
1023,24.0,1,['E3A']
1024,3.0,11,['KVKSEGMENT_4']
1025,0.52,6,['E3B']
1028,24.0,1,['KVKSEGMENT_9']
1030,0.5,6,['KVKSEGMENT_1']
1031,24.0,1,['E3B']
1033,24.0,1,['E3A']
1037,0.51,6,['E3A']
1039,24.0,1,['E3B']
1040,24.0,1,['E3B']
1041,12.0,2,['KVKSEGMENT_18']
1045,0.58,17,['E3A']
1046,0.5,6,['KVKSEGMENT_17']
1048,24.0,1,['KVKSEGMENT_18']
1049,24.0,1,['E3C']
1050,6.0,4,['E3B']
1052,12.0,2,['E3C']
1053,1.5,10,['E3B']
1054,0.59,17,['E3D']
1055,24.0,1,['E3A']
1056,0.52,6,['E3C']
1057,8.0,7,['KVKSEGMENT_6']
1058,0.51,6,['KVKSEGMENT_1']
1060,24.0,1,['E3A']
1062,24.0,1,['KVKSEGMENT_18']
1063,2.67,16,['KVKSEGMENT_14']
1064,24.0,1,['E3A']
1065,24.0,1,['E3B']
1066,24.0,1,['KVKSEGMENT_17']
1067,2.4,5,['E3C']
1068,0.5,6,['KVKSEGMENT_20']
1070,8.0,7,['KVKSEGMENT_19']
1071,24.0,1,['KVKSEGMENT_2']
1072,24.0,1,['KVKSEGMENT_8']
1073,0.83,21,['E3B']
1074,24.0,1,['E3A']
1075,24.0,1,['E3B']
1076,24.0,1,['KVKSEGMENT_1']
1077,24.0,1,['KVKSEGMENT_8']
1081,24.0,1,['E3A']
1082,0.5,6,['E3A']
1083,0.55,25,['E3A']
1084,24.0,1,['KVKSEGMENT_9']
1085,24.0,1,['KVKSEGMENT_8']
1087,24.0,1,['KVKSEGMENT_11']
1088,12.0,2,['E3C']
1089,24.0,1,['KVKSEGMENT_12']
1091,0.53,6,['KVKSEGMENT_18']
1093,0.5,6,['KVKSEGMENT_14']
1094,24.0,1,['E3A']
1096,0.52,6,['E3C']
1097,0.52,6,['KVKSEGMENT_14']
1098,1.0,0,['E3B']
1099,0.57,25,['E3A']
1103,12.0,2,['KVKSEGMENT_10']
1105,24.0,1,['KVKSEGMENT_13']
1106,12.0,2,['KVKSEGMENT_10']
1107,0.54,25,['E3C']
1109,24.0,1,['KVKSEGMENT_4']
1110,24.0,1,['KVKSEGMENT_9']
1111,0.51,6,['KVKSEGMENT_13']
1112,24.0,1,['KVKSEGMENT_2']
1113,0.51,6,['KVKSEGMENT_16']
1114,0.5,6,['KVKSEGMENT_8']
1115,0.5,6,['E3C']
1116,0.57,25,['E3B']
1117,1.41,10,['KVKSEGMENT_12']
1118,0.55,25,['KVKSEGMENT_13']
1119,0.57,25,['KVKSEGMENT_18']
1121,24.0,1,['KVKSEGMENT_17']
1123,0.51,6,['KVKSEGMENT_20']
1124,0.65,22,['KVKSEGMENT_18']
1125,0.61,17,['E3C']
1126,1.0,0,['E3B']
1127,0.59,17,['KVKSEGMENT_14']
1131,1.2,14,['KVKSEGMENT_13']
1133,0.53,6,['E3A']
1135,6.0,4,['KVKSEGMENT_10']
1136,0.55,25,['E3A']
1137,24.0,1,['KVKSEGMENT_4']
1139,12.0,2,['KVKSEGMENT_1']
1140,0.5,6,['KVKSEGMENT_19']
1141,24.0,1,['E3C']
1142,4.0,8,['KVKSEGMENT_8']
1144,0.52,6,['KVKSEGMENT_16']
1145,24.0,1,['KVKSEGMENT_1']
1146,0.52,6,['KVKSEGMENT_13']
1147,0.6,17,['KVKSEGMENT_18']
1148,24.0,1,['E3B']
1149,0.52,6,['KVKSEGMENT_13']
1151,0.55,25,['KVKSEGMENT_8']
1152,24.0,1,['KVKSEGMENT_2']
1153,24.0,1,['KVKSEGMENT_7']
1154,0.54,25,['KVKSEGMENT_12']
1155,0.58,17,['KVKSEGMENT_8']
1156,0.51,6,['KVKSEGMENT_10']
1157,0.51,6,['KVKSEGMENT_16']
1159,24.0,1,['KVKSEGMENT_8']
1161,24.0,1,['E3B']
1162,24.0,1,['E3C']
1164,24.0,1,['KVKSEGMENT_16']
1165,24.0,1,['KVKSEGMENT_14']
1167,0.57,25,['E3C']
1168,24.0,1,['E3B']
1170,24.0,1,['KVKSEGMENT_20']
1172,4.0,8,['KVKSEGMENT_1']
1174,1.14,14,['KVKSEGMENT_6']
1175,24.0,1,['E3C']
1176,1.0,0,['KVKSEGMENT_8']
1179,24.0,1,['KVKSEGMENT_4']
1180,24.0,1,['E3C']
1183,1.2,14,['E3C']
1184,0.5,6,['KVKSEGMENT_16']
1186,24.0,1,['KVKSEGMENT_4']
1187,12.0,2,['KVKSEGMENT_19']
1188,0.52,6,['KVKSEGMENT_16']
1189,0.51,6,['KVKSEGMENT_8']
1190,0.5,6,['E3A']
1191,24.0,1,['E3A']
1192,24.0,1,['KVKSEGMENT_12']
1193,0.75,13,['E3A']
1194,1.0,0,['KVKSEGMENT_8']
1195,1.0,0,['E3A']
1197,0.69,22,['KVKSEGMENT_19']
1199,1.0,0,['E3C']
1200,1.41,10,['KVKSEGMENT_4']
1203,24.0,1,['E3B']
1204,12.0,2,['KVKSEGMENT_1']
1206,24.0,1,['E3A']
1208,3.43,15,['KVKSEGMENT_10']
1209,8.0,7,['KVKSEGMENT_11']
1210,0.51,6,['KVKSEGMENT_1']
1211,0.96,0,['KVKSEGMENT_2']
1212,24.0,1,['E3C']
1213,24.0,1,['E3C']
1214,0.54,25,['E3B']
1215,12.0,2,['E3A']
1216,24.0,1,['KVKSEGMENT_19']
1217,24.0,1,['E3A']
1219,0.5,6,['KVKSEGMENT_8']
1221,1.39,10,['E3B']
1222,24.0,1,['KVKSEGMENT_13']
1223,0.53,6,['E3A']
1224,0.55,25,['E3A']
1226,0.51,6,['E3A']
1228,24.0,1,['KVKSEGMENT_13']
1229,0.59,17,['KVKSEGMENT_20']
1231,0.83,21,['KVKSEGMENT_14']
1232,24.0,1,['E3A']
1233,0.5,6,['KVKSEGMENT_12']
1234,0.55,25,['KVKSEGMENT_4']
1235,0.56,25,['KVKSEGMENT_8']
1237,24.0,1,['KVKSEGMENT_8']
1238,0.52,6,['KVKSEGMENT_13']
1239,2.67,16,['E3A']
1240,12.0,2,['KVKSEGMENT_20']
1241,24.0,1,['KVKSEGMENT_19']
1243,24.0,1,['E3A']
1244,0.55,25,['KVKSEGMENT_20']
1245,1.0,0,['KVKSEGMENT_8']
1246,0.71,13,['KVKSEGMENT_4']
1249,1.0,0,['KVKSEGMENT_18']
1250,24.0,1,['KVKSEGMENT_8']
1251,0.5,6,['KVKSEGMENT_1']
1252,0.51,6,['E3A']
1253,0.52,6,['E3B']
1254,12.0,2,['KVKSEGMENT_14']
1256,24.0,1,['E3D']
1257,24.0,1,['KVKSEGMENT_1']
1259,0.96,0,['KVKSEGMENT_16']
1262,1.0,0,['E3C']
1263,0.53,6,['E3A']
1264,2.67,16,['E3A']
1265,3.93,8,['E3C']
1266,1.26,19,['KVKSEGMENT_2']
1268,24.0,1,['E3B']
1269,0.52,6,['E3B']
1270,0.55,25,['E3A']
1274,0.5,6,['KVKSEGMENT_10']
1275,24.0,1,['KVKSEGMENT_1']
1276,0.91,21,['KVKSEGMENT_4']
1277,24.0,1,['E3B']
1278,24.0,1,['KVKSEGMENT_12']
1280,24.0,1,['KVKSEGMENT_10']
1281,24.0,1,['E3B']
1284,1.0,0,['KVKSEGMENT_14']
1287,24.0,1,['E3B']
1288,0.51,6,['E3C']
1289,24.0,1,['KVKSEGMENT_4']
1290,0.65,22,['E3B']
1291,0.57,25,['E3A']
1292,24.0,1,['KVKSEGMENT_4']
1293,23.94,1,['E3A']
1294,2.4,5,['KVKSEGMENT_8']
1295,0.51,6,['KVKSEGMENT_14']
1297,2.4,5,['KVKSEGMENT_8']
1298,24.0,1,['E3D']
1299,24.0,1,['KVKSEGMENT_10']
1300,12.0,2,['E3B']
1305,0.53,6,['KVKSEGMENT_13']
1306,24.0,1,['KVKSEGMENT_18']
1307,0.59,17,['KVKSEGMENT_1']
1309,24.0,1,['KVKSEGMENT_8']
1313,0.5,6,['E3C']
1318,1.0,0,['KVKSEGMENT_14']
1319,0.8,13,['E3A']
1320,24.0,1,['E3C']
1321,24.0,1,['KVKSEGMENT_19']
1322,0.5,6,['E3B']
1323,0.51,6,['E3A']
1324,1.0,0,['KVKSEGMENT_10']
1325,1.09,0,['KVKSEGMENT_4']
1326,24.0,1,['KVKSEGMENT_16']
1327,6.0,4,['E3A']
1329,0.51,6,['E3A']
1330,24.0,1,['E3C']
1332,0.53,6,['KVKSEGMENT_11']
1333,12.0,2,['KVKSEGMENT_10']
1336,0.61,17,['KVKSEGMENT_16']
1337,0.83,21,['E3B']
1338,0.83,21,['E3A']
1340,3.0,11,['E3B']
1342,0.52,6,['E3A']
1343,24.0,1,['KVKSEGMENT_4']
1344,1.6,18,['E3C']
1345,0.55,25,['KVKSEGMENT_17']
1346,24.0,1,['E3B']
1347,0.67,22,['E3C']
1348,2.0,9,['E3C']
1349,0.51,6,['KVKSEGMENT_4']
1350,24.0,1,['E3A']
1351,24.0,1,['KVKSEGMENT_18']
1352,24.0,1,['KVKSEGMENT_4']
1353,24.0,1,['E3C']
1354,24.0,1,['KVKSEGMENT_18']
1356,24.0,1,['E3A']
1358,24.0,1,['KVKSEGMENT_12']
1359,0.63,22,['KVKSEGMENT_4']
1360,8.0,7,['E3C']
1361,1.2,14,['E3D']
1362,0.5,6,['KVKSEGMENT_4']
1363,24.0,1,['KVKSEGMENT_4']
1364,24.0,1,['KVKSEGMENT_18']
1368,2.0,9,['KVKSEGMENT_4']
1369,0.51,6,['KVKSEGMENT_16']
1370,0.96,0,['KVKSEGMENT_18']
1374,0.5,6,['E3A']
1375,0.86,21,['E3A']
1376,24.0,1,['E3A']
1378,4.8,12,['KVKSEGMENT_8']
1379,24.0,1,['E3A']
1380,1.0,0,['KVKSEGMENT_8']
1381,6.0,4,['E3B']
1382,24.0,1,['KVKSEGMENT_14']
1383,0.55,25,['E3B']
1388,0.5,6,['E3C']
1389,24.0,1,['KVKSEGMENT_8']
1390,24.0,1,['E3A']
1391,24.0,1,['E3C']
1392,0.51,6,['E3A']
1393,0.63,22,['KVKSEGMENT_1']
1395,1.5,10,['KVKSEGMENT_8']
1398,24.0,1,['KVKSEGMENT_13']
1399,0.67,22,['KVKSEGMENT_11']
1403,0.5,6,['E3B']
1405,24.0,1,['E3B']
1407,12.0,2,['KVKSEGMENT_16']
1411,24.0,1,['KVKSEGMENT_1']
1412,0.51,6,['E3B']
1413,24.0,1,['KVKSEGMENT_1']
1414,24.0,1,['E3B']
1415,1.26,19,['KVKSEGMENT_14']
1418,0.51,6,['E3B']
1420,3.43,15,['KVKSEGMENT_4']
1421,24.0,1,['E3B']
1422,24.0,1,['KVKSEGMENT_13']
1423,24.0,1,['KVKSEGMENT_4']
1424,24.0,1,['KVKSEGMENT_13']
1425,24.0,1,['E3B']
1427,24.0,1,['KVKSEGMENT_1']
1428,24.0,1,['E3A']
1430,24.0,1,['KVKSEGMENT_8']
1431,24.0,1,['KVKSEGMENT_8']
1432,24.0,1,['KVKSEGMENT_20']
1433,6.0,4,['E3C']
1434,8.0,7,['KVKSEGMENT_19']
1436,1.85,24,['KVKSEGMENT_8']
1439,0.99,0,['KVKSEGMENT_1']
1440,1.26,19,['E3A']
1441,1.57,18,['KVKSEGMENT_10']
1443,1.0,0,['E3A']
1444,24.0,1,['KVKSEGMENT_1']
1445,24.0,1,['KVKSEGMENT_1']
1446,1.9,24,['E3A']
1447,24.0,1,['KVKSEGMENT_8']
1448,1.0,0,['E3C']
1449,24.0,1,['E3B']
1450,1.85,24,['KVKSEGMENT_8']
1451,8.0,7,['KVKSEGMENT_19']
1452,24.0,1,['E3A']
1453,24.0,1,['E3A']
1454,24.0,1,['KVKSEGMENT_18']
1456,0.88,21,['E3B']
1458,0.5,6,['E3C']
1460,12.0,2,['KVKSEGMENT_1']
1463,0.58,17,['KVKSEGMENT_11']
1465,0.71,13,['KVKSEGMENT_13']
1467,24.0,1,['KVKSEGMENT_14']
1470,24.0,1,['KVKSEGMENT_4']
1472,1.2,14,['KVKSEGMENT_4']
1474,0.5,6,['E3D']
1476,24.0,1,['KVKSEGMENT_4']
1477,12.0,2,['E3A']
1478,24.0,1,['E3C']
1482,2.18,20,['KVKSEGMENT_4']
1485,24.0,1,['KVKSEGMENT_19']
1488,0.53,6,['KVKSEGMENT_16']
1492,0.5,6,['KVKSEGMENT_17']
1493,0.5,6,['E3C']
1494,0.63,22,['KVKSEGMENT_14']
1495,24.0,1,['KVKSEGMENT_2']
1496,24.0,1,['KVKSEGMENT_9']
1497,24.0,1,['KVKSEGMENT_16']
1498,24.0,1,['KVKSEGMENT_20']
1500,7.99,7,['KVKSEGMENT_19']
1501,24.0,1,['KVKSEGMENT_1']
1503,1.6,18,['E3C']
1505,0.57,25,['KVKSEGMENT_18']
1507,24.0,1,['E3A']
1508,24.0,1,['KVKSEGMENT_8']
1510,12.0,2,['E3A']
1512,0.57,25,['KVKSEGMENT_14']
1514,24.0,1,['KVKSEGMENT_17']
1517,0.54,25,['KVKSEGMENT_8']
1521,1.33,19,['KVKSEGMENT_1']
1522,1.5,10,['E3B']
1523,0.51,6,['KVKSEGMENT_19']
1524,2.4,5,['KVKSEGMENT_4']
1526,1.2,14,['KVKSEGMENT_8']
1527,4.0,8,['E3B']
1528,24.0,1,['KVKSEGMENT_8']
1529,0.5,6,['E3B']
1530,1.09,0,['E3A']
1531,24.0,1,['E3B']
1532,24.0,1,['KVKSEGMENT_16']
1533,24.0,1,['KVKSEGMENT_12']
1534,24.0,1,['E3A']
1535,12.0,2,['KVKSEGMENT_1']
1536,0.52,6,['KVKSEGMENT_14']
1537,24.0,1,['E3B']
1538,0.55,25,['KVKSEGMENT_2']
1539,0.5,6,['KVKSEGMENT_1']
1541,0.5,6,['KVKSEGMENT_19']
1546,6.0,4,['KVKSEGMENT_19']
1548,2.0,9,['E3C']
1550,24.0,1,['KVKSEGMENT_10']
1551,24.0,1,['KVKSEGMENT_4']
1553,0.52,6,['E3B']
1554,1.2,14,['KVKSEGMENT_18']
1555,0.51,6,['E3C']
1557,0.5,6,['KVKSEGMENT_8']
1558,0.55,25,['E3A']
1560,0.56,25,['KVKSEGMENT_1']
1561,24.0,1,['E3A']
1562,24.0,1,['KVKSEGMENT_19']
1564,12.0,2,['KVKSEGMENT_17']
1566,24.0,1,['E3A']
1568,0.67,22,['KVKSEGMENT_8']
1570,24.0,1,['E3D']
1571,24.0,1,['KVKSEGMENT_1']
1572,24.0,1,['E3B']
1573,24.0,1,['KVKSEGMENT_12']
1574,24.0,1,['E3A']
1578,1.6,18,['E3C']
1579,0.62,17,['KVKSEGMENT_11']
1580,24.0,1,['KVKSEGMENT_10']
1581,1.5,10,['E3C']
1583,0.52,6,['KVKSEGMENT_16']
1584,3.43,15,['KVKSEGMENT_8']
1586,24.0,1,['KVKSEGMENT_4']
1587,24.0,1,['KVKSEGMENT_8']
1588,24.0,1,['KVKSEGMENT_1']
1589,24.0,1,['KVKSEGMENT_19']
1590,24.0,1,['E3A']
1592,24.0,1,['E3B']
1593,24.0,1,['KVKSEGMENT_8']
1595,0.5,6,['E3B']
1596,24.0,1,['KVKSEGMENT_1']
1597,24.0,1,['E3A']
1598,0.52,6,['E3B']
1599,0.5,6,['E3A']
1600,0.52,6,['E3B']
1602,24.0,1,['E3C']
1603,24.0,1,['KVKSEGMENT_1']
1607,24.0,1,['KVKSEGMENT_8']
1609,24.0,1,['KVKSEGMENT_17']
1610,24.0,1,['E3B']
1611,24.0,1,['E3A']
1612,24.0,1,['KVKSEGMENT_4']
1613,24.0,1,['KVKSEGMENT_13']
1615,24.0,1,['KVKSEGMENT_1']
1618,24.0,1,['E3B']
1621,6.0,4,['KVKSEGMENT_16']
1623,24.0,1,['KVKSEGMENT_15']
1625,24.0,1,['KVKSEGMENT_14']
1626,0.51,6,['KVKSEGMENT_14']
1627,24.0,1,['E3C']
1630,24.0,1,['KVKSEGMENT_1']
1631,0.62,17,['KVKSEGMENT_13']
1632,0.54,25,['E3A']
1633,0.63,22,['KVKSEGMENT_19']
1634,24.0,1,['E3C']
1635,1.26,19,['KVKSEGMENT_18']
1636,24.0,1,['KVKSEGMENT_13']
1638,3.48,15,['KVKSEGMENT_6']
1641,24.0,1,['KVKSEGMENT_18']
1642,0.53,6,['KVKSEGMENT_19']
1643,24.0,1,['E3A']
1644,0.5,6,['E3B']
1645,0.5,6,['E3B']
1646,24.0,1,['KVKSEGMENT_8']
1647,24.0,1,['E3C']
1648,24.0,1,['E3A']
1650,0.53,6,['KVKSEGMENT_16']
1651,24.0,1,['E3B']
1654,0.56,25,['KVKSEGMENT_16']
1655,24.0,1,['KVKSEGMENT_12']
1656,24.0,1,['KVKSEGMENT_12']
1658,12.0,2,['KVKSEGMENT_4']
1659,24.0,1,['KVKSEGMENT_15']
1662,1.0,0,['E3C']
1663,0.51,6,['KVKSEGMENT_9']
1665,24.0,1,['KVKSEGMENT_1']
1668,0.51,6,['E3B']
1669,0.53,6,['KVKSEGMENT_16']
1673,1.14,14,['E3A']
1674,0.52,6,['KVKSEGMENT_13']
1676,0.55,25,['E3B']
1677,24.0,1,['KVKSEGMENT_12']
1679,24.0,1,['KVKSEGMENT_19']
1681,8.0,7,['E3C']
1682,1.33,19,['E3B']
1683,24.0,1,['E3B']
1684,12.0,2,['KVKSEGMENT_19']
1685,24.0,1,['KVKSEGMENT_8']
1686,1.16,14,['E3A']
1688,0.5,6,['E3B']
1690,0.5,6,['E3C']
1691,0.5,6,['E3A']
1692,0.67,22,['E3B']
1693,0.57,25,['KVKSEGMENT_13']
1694,24.0,1,['E3B']
1696,0.8,13,['KVKSEGMENT_4']
1697,0.51,6,['KVKSEGMENT_13']
1698,24.0,1,['KVKSEGMENT_13']
1701,24.0,1,['KVKSEGMENT_12']
1702,24.0,1,['E3B']
1704,24.0,1,['E3C']
1705,0.53,6,['E3C']
1706,24.0,1,['E3A']
1707,24.0,1,['KVKSEGMENT_1']
1708,0.56,25,['E3A']
1710,0.8,13,['KVKSEGMENT_14']
1711,24.0,1,['KVKSEGMENT_19']
1713,24.0,1,['KVKSEGMENT_12']
1714,2.53,5,['KVKSEGMENT_13']
1716,0.5,6,['KVKSEGMENT_4']
1717,0.61,17,['KVKSEGMENT_11']
1718,24.0,1,['KVKSEGMENT_16']
1719,0.83,21,['KVKSEGMENT_1']
1720,24.0,1,['E3B']
1721,0.5,6,['E3A']
1723,0.64,22,['E3B']
1724,0.51,6,['E3A']
1727,0.51,6,['E3C']
1728,0.51,6,['KVKSEGMENT_20']
1730,0.5,6,['KVKSEGMENT_8']
1731,24.0,1,['E3B']
1732,0.57,25,['KVKSEGMENT_16']
1733,1.0,0,['KVKSEGMENT_9']
1736,3.0,11,['E3C']
1737,0.52,6,['KVKSEGMENT_10']
1738,24.0,1,['KVKSEGMENT_8']
1742,0.55,25,['KVKSEGMENT_1']
1746,24.0,1,['KVKSEGMENT_20']
1747,0.56,25,['KVKSEGMENT_4']
1748,24.0,1,['E3A']
1750,24.0,1,['KVKSEGMENT_1']
1751,24.0,1,['KVKSEGMENT_7']
1752,24.0,1,['KVKSEGMENT_4']
1753,24.0,1,['E3C']
1754,24.0,1,['KVKSEGMENT_8']
1755,2.0,9,['E3B']
1757,24.0,1,['KVKSEGMENT_13']
1758,24.0,1,['E3A']
1760,24.0,1,['KVKSEGMENT_8']
1761,24.0,1,['E3A']
1762,3.0,11,['KVKSEGMENT_4']
1763,0.5,6,['KVKSEGMENT_8']
1764,1.0,0,['E3A']
1765,24.0,1,['KVKSEGMENT_8']
1766,0.54,25,['KVKSEGMENT_6']
1767,0.5,6,['E3C']
1768,24.0,1,['E3C']
1769,24.0,1,['KVKSEGMENT_4']
1770,24.0,1,['KVKSEGMENT_1']
1771,24.0,1,['KVKSEGMENT_8']
1773,24.0,1,['E3A']
1776,24.0,1,['KVKSEGMENT_4']
1777,0.55,25,['KVKSEGMENT_6']
1780,24.0,1,['KVKSEGMENT_15']
1781,0.5,6,['E3C']
1782,2.0,9,['KVKSEGMENT_8']
1788,24.0,1,['KVKSEGMENT_12']
1789,12.0,2,['E3B']
1790,24.0,1,['E3A']
1794,24.0,1,['KVKSEGMENT_13']
1796,24.0,1,['E3A']
1797,24.0,1,['KVKSEGMENT_12']
1799,24.0,1,['KVKSEGMENT_8']
1800,12.0,2,['E3A']
1801,24.0,1,['KVKSEGMENT_8']
1804,0.6,17,['E3C']
1805,0.51,6,['KVKSEGMENT_16']
1806,0.56,25,['KVKSEGMENT_16']
1807,1.0,0,['KVKSEGMENT_14']
1810,0.5,6,['KVKSEGMENT_6']
1811,6.0,4,['E3C']
1812,0.53,6,['E3A']
1813,24.0,1,['KVKSEGMENT_17']
1815,6.0,4,['KVKSEGMENT_19']
1817,1.0,0,['KVKSEGMENT_4']
1818,24.0,1,['KVKSEGMENT_18']
1820,0.5,6,['KVKSEGMENT_13']
1821,6.0,4,['KVKSEGMENT_4']
1822,1.0,0,['E3B']
1823,24.0,1,['KVKSEGMENT_8']
1824,24.0,1,['KVKSEGMENT_1']
1826,0.86,21,['KVKSEGMENT_14']
1827,6.0,4,['E3C']
1828,0.51,6,['KVKSEGMENT_19']
1829,4.8,12,['E3A']
1830,24.0,1,['KVKSEGMENT_4']
1831,24.0,1,['E3B']
1833,24.0,1,['KVKSEGMENT_1']
1834,0.81,13,['E3A']
1835,24.0,1,['E3A']
1836,0.8,13,['E3C']
1838,24.0,1,['E3B']
1840,0.57,25,['E3C']
1841,1.0,0,['E3D']
1842,24.0,1,['KVKSEGMENT_1']
1845,8.0,7,['KVKSEGMENT_9']
1846,24.0,1,['E3A']
1847,2.4,5,['KVKSEGMENT_8']
1848,24.0,1,['KVKSEGMENT_4']
1849,11.98,2,['KVKSEGMENT_1']
1850,0.51,6,['KVKSEGMENT_18']
1851,24.0,1,['KVKSEGMENT_1']
1852,24.0,1,['KVKSEGMENT_19']
1853,0.5,6,['KVKSEGMENT_8']
1854,0.55,25,['KVKSEGMENT_16']
1857,0.56,25,['E3A']
1858,0.56,25,['E3B']
1859,0.5,6,['E3B']
1860,0.58,17,['E3A']
1862,0.53,6,['E3B']
1863,0.51,6,['KVKSEGMENT_19']
1864,0.52,6,['KVKSEGMENT_13']
1865,24.0,1,['KVKSEGMENT_13']
1867,8.0,7,['KVKSEGMENT_4']
1869,24.0,1,['KVKSEGMENT_1']
1875,12.0,2,['KVKSEGMENT_13']
1876,0.55,25,['KVKSEGMENT_20']
1877,0.62,17,['KVKSEGMENT_20']
1878,24.0,1,['KVKSEGMENT_10']
1880,24.0,1,['KVKSEGMENT_8']
1881,24.0,1,['E3A']
1882,24.0,1,['KVKSEGMENT_9']
1884,24.0,1,['KVKSEGMENT_1']
1885,1.18,14,['KVKSEGMENT_16']
1886,24.0,1,['E3C']
1887,24.0,1,['KVKSEGMENT_8']
1888,1.5,10,['KVKSEGMENT_2']
1890,24.0,1,['KVKSEGMENT_7']
1891,0.5,6,['KVKSEGMENT_4']
1892,0.59,17,['E3A']
1894,12.0,2,['KVKSEGMENT_19']
1895,0.53,6,['KVKSEGMENT_1']
1897,24.0,1,['KVKSEGMENT_7']
1898,0.51,6,['KVKSEGMENT_18']
1900,12.0,2,['KVKSEGMENT_13']
1902,24.0,1,['KVKSEGMENT_1']
1903,0.53,6,['E3A']
1905,24.0,1,['KVKSEGMENT_12']
1906,0.67,22,['KVKSEGMENT_14']
1908,0.57,25,['KVKSEGMENT_18']
1910,8.0,7,['KVKSEGMENT_19']
1911,0.64,22,['E3A']
1912,12.0,2,['KVKSEGMENT_20']
1918,0.52,6,['E3A']
1919,0.55,25,['E3A']
1920,24.0,1,['KVKSEGMENT_16']
1923,0.5,6,['KVKSEGMENT_16']
1924,24.0,1,['E3A']
1925,0.59,17,['KVKSEGMENT_14']
1927,24.0,1,['KVKSEGMENT_10']
1928,1.0,0,['E3B']
1929,12.0,2,['E3C']
1930,12.0,2,['KVKSEGMENT_14']
1933,0.55,25,['KVKSEGMENT_8']
1934,8.0,7,['KVKSEGMENT_6']
1935,1.5,10,['E3C']
1936,0.65,22,['E3C']
1941,0.52,6,['E3B']
1942,0.76,13,['KVKSEGMENT_4']
1943,4.8,12,['E3B']
1945,0.62,17,['KVKSEGMENT_16']
1946,24.0,1,['E3C']
1948,0.51,6,['KVKSEGMENT_1']
1949,24.0,1,['KVKSEGMENT_4']
1951,6.0,4,['KVKSEGMENT_1']
1952,1.71,18,['KVKSEGMENT_18']
1953,24.0,1,['KVKSEGMENT_4']
1954,1.02,0,['KVKSEGMENT_2']
1955,24.0,1,['KVKSEGMENT_14']
1956,1.41,10,['KVKSEGMENT_4']
1957,24.0,1,['KVKSEGMENT_12']
1959,0.5,6,['KVKSEGMENT_12']
1960,24.0,1,['E3A']
1961,0.83,21,['KVKSEGMENT_14']
1962,24.0,1,['E3A']
1964,24.0,1,['E3B']
1967,0.52,6,['E3A']
1968,0.5,6,['KVKSEGMENT_8']
1969,12.0,2,['E3B']
1970,1.04,0,['KVKSEGMENT_8']
1971,24.0,1,['E3C']
1973,0.59,17,['E3D']
1974,24.0,1,['E3A']
1977,24.0,1,['E3B']
1982,24.0,1,['KVKSEGMENT_19']
1985,24.0,1,['KVKSEGMENT_14']
1987,2.0,9,['E3C']
1988,24.0,1,['E3A']
1989,0.5,6,['KVKSEGMENT_2']
1990,1.8,24,['E3A']
1991,24.0,1,['E3A']
1992,24.0,1,['E3B']
1995,0.67,22,['KVKSEGMENT_8']
1996,24.0,1,['E3C']
1997,0.86,21,['E3C']
1999,12.0,2,['E3C']
2000,24.0,1,['E3C']
2001,0.83,21,['E3B']
2002,0.53,6,['E3A']
2003,24.0,1,['E3C']
2004,0.5,6,['E3C']
2005,24.0,1,['E3B']
2006,24.0,1,['E3A']
2007,0.51,6,['KVKSEGMENT_7']
2008,8.0,7,['KVKSEGMENT_19']
2009,0.59,17,['KVKSEGMENT_4']
2011,0.63,22,['KVKSEGMENT_14']
2012,0.52,6,['E3C']
2013,24.0,1,['KVKSEGMENT_1']
2014,0.96,0,['KVKSEGMENT_10']
2016,2.0,9,['E3C']
2017,24.0,1,['E3C']
2018,1.0,0,['KVKSEGMENT_8']
2020,24.0,1,['KVKSEGMENT_1']
2023,0.54,25,['KVKSEGMENT_10']
2025,24.0,1,['KVKSEGMENT_18']
2026,0.56,25,['E3A']
2029,24.0,1,['KVKSEGMENT_14']
2031,1.0,0,['E3C']
2032,24.0,1,['KVKSEGMENT_13']
2035,24.0,1,['KVKSEGMENT_8']
2039,24.0,1,['KVKSEGMENT_8']
2040,0.5,6,['E3C']
2044,12.0,2,['KVKSEGMENT_14']
2047,24.0,1,['KVKSEGMENT_13']
2048,24.0,1,['KVKSEGMENT_13']
2049,0.69,22,['E3A']
2050,0.89,21,['KVKSEGMENT_8']
2051,0.59,17,['KVKSEGMENT_13']
2056,0.66,22,['E3A']
2057,0.52,6,['KVKSEGMENT_18']
2058,24.0,1,['KVKSEGMENT_14']
2059,0.6,17,['E3C']
2060,24.0,1,['KVKSEGMENT_8']
2061,0.55,25,['E3C']
2062,24.0,1,['KVKSEGMENT_8']
2063,1.0,0,['KVKSEGMENT_14']
2064,0.75,13,['KVKSEGMENT_12']
2065,0.52,6,['KVKSEGMENT_14']
2066,0.55,25,['E3D']
2068,24.0,1,['KVKSEGMENT_17']
2069,24.0,1,['KVKSEGMENT_1']
2070,1.0,0,['KVKSEGMENT_4']
2071,0.51,6,['E3A']
2072,24.0,1,['E3A']
2074,24.0,1,['E3A']
2078,0.5,6,['E3C']
2079,1.0,0,['KVKSEGMENT_4']
2080,0.56,25,['E3C']
2081,24.0,1,['E3B']
2082,24.0,1,['KVKSEGMENT_14']
2083,8.0,7,['KVKSEGMENT_19']
2084,1.0,0,['E3B']
2086,24.0,1,['KVKSEGMENT_19']
2087,24.0,1,['KVKSEGMENT_1']
2088,24.0,1,['KVKSEGMENT_19']
2089,0.63,22,['E3B']
2090,12.0,2,['E3B']
2092,24.0,1,['E3C']
2093,24.0,1,['E3B']
2094,1.11,14,['E3A']
2096,24.0,1,['KVKSEGMENT_17']
2098,24.0,1,['KVKSEGMENT_13']
2099,1.0,0,['KVKSEGMENT_14']
2100,1.65,18,['E3C']
2101,0.56,25,['E3B']
2104,0.62,17,['E3A']
2105,24.0,1,['E3B']
2106,0.57,25,['KVKSEGMENT_1']
2109,24.0,1,['E3B']
2110,24.0,1,['E3A']
2111,24.0,1,['E3B']
2113,0.5,6,['KVKSEGMENT_8']
2114,0.62,17,['E3C']
2115,12.0,2,['KVKSEGMENT_9']
2116,0.51,6,['KVKSEGMENT_8']
2117,24.0,1,['E3A']
2118,24.0,1,['KVKSEGMENT_13']
2121,1.0,0,['KVKSEGMENT_1']
2123,0.51,6,['KVKSEGMENT_13']
2125,24.0,1,['KVKSEGMENT_14']
2128,0.57,25,['KVKSEGMENT_12']
2129,24.0,1,['E3C']
2130,0.5,6,['KVKSEGMENT_16']
2131,0.55,25,['E3A']
2133,24.0,1,['KVKSEGMENT_1']
2134,2.0,9,['E3C']
2138,0.5,6,['E3A']
2140,1.5,10,['KVKSEGMENT_2']
2141,24.0,1,['E3B']
2142,24.0,1,['KVKSEGMENT_13']
2144,24.0,1,['KVKSEGMENT_19']
2145,0.54,25,['KVKSEGMENT_1']
2146,24.0,1,['E3C']
2147,24.0,1,['KVKSEGMENT_10']
2148,0.5,6,['E3B']
2149,24.0,1,['KVKSEGMENT_14']
2150,24.0,1,['E3A']
2152,24.0,1,['E3B']
2153,0.59,17,['E3A']
2154,24.0,1,['KVKSEGMENT_4']
2156,0.65,22,['E3C']
2158,0.5,6,['KVKSEGMENT_10']
2163,0.5,6,['E3B']
2164,24.0,1,['KVKSEGMENT_8']
2165,0.56,25,['E3B']
2168,1.2,14,['KVKSEGMENT_8']
2170,24.0,1,['KVKSEGMENT_8']
2171,0.5,6,['E3C']
2173,24.0,1,['KVKSEGMENT_16']
2175,0.5,6,['E3B']
2176,1.85,24,['E3C']
2180,4.0,8,['KVKSEGMENT_2']
2181,24.0,1,['KVKSEGMENT_13']
2182,8.0,7,['KVKSEGMENT_19']
2183,0.56,25,['KVKSEGMENT_19']
2184,24.0,1,['KVKSEGMENT_1']
2186,2.4,5,['KVKSEGMENT_20']
2187,0.5,6,['KVKSEGMENT_8']
2190,0.98,0,['KVKSEGMENT_18']
2192,0.55,25,['E3B']
2194,24.0,1,['KVKSEGMENT_19']
2196,0.5,6,['E3C']
2198,0.51,6,['KVKSEGMENT_8']
2199,24.0,1,['KVKSEGMENT_1']
2202,12.0,2,['KVKSEGMENT_1']
2204,0.59,17,['KVKSEGMENT_19']
2206,1.71,18,['E3A']
2207,0.6,17,['KVKSEGMENT_9']
2208,0.52,6,['E3D']
2209,6.0,4,['E3A']
2210,0.52,6,['KVKSEGMENT_18']
2211,2.4,5,['KVKSEGMENT_18']
2212,0.5,6,['KVKSEGMENT_14']
2213,0.91,21,['E3C']
2216,24.0,1,['E3B']
2221,24.0,1,['E3B']
2222,24.0,1,['KVKSEGMENT_13']
2223,0.53,6,['E3A']
2224,3.0,11,['E3B']
2226,0.89,21,['E3C']
2227,8.0,7,['E3C']
2228,24.0,1,['KVKSEGMENT_8']
2230,24.0,1,['E3A']
2231,0.96,0,['KVKSEGMENT_19']
2232,24.0,1,['E3C']
2233,24.0,1,['KVKSEGMENT_18']
2234,0.51,6,['E3A']
2240,24.0,1,['KVKSEGMENT_4']
2242,0.5,6,['E3C']
2243,24.0,1,['KVKSEGMENT_1']
2250,0.53,6,['E3D']
2251,24.0,1,['KVKSEGMENT_16']
2252,24.0,1,['E3A']
2253,0.55,25,['KVKSEGMENT_18']
2255,0.5,6,['E3C']
2257,0.64,22,['E3A']
2258,24.0,1,['KVKSEGMENT_16']
2259,24.0,1,['KVKSEGMENT_4']
2260,0.82,21,['KVKSEGMENT_4']
2262,24.0,1,['KVKSEGMENT_8']
2265,24.0,1,['KVKSEGMENT_1']
2266,1.5,10,['KVKSEGMENT_8']
2267,24.0,1,['E3A']
2268,0.6,17,['KVKSEGMENT_6']
2269,0.5,6,['KVKSEGMENT_8']
2270,1.6,18,['E3B']
2271,1.6,18,['KVKSEGMENT_8']
2272,24.0,1,['KVKSEGMENT_13']
2273,0.7,22,['E3A']
2275,0.83,21,['KVKSEGMENT_6']
2277,0.53,6,['E3A']
2278,24.0,1,['KVKSEGMENT_14']
2279,0.5,6,['KVKSEGMENT_2']
2281,0.59,17,['KVKSEGMENT_4']
2282,24.0,1,['KVKSEGMENT_1']
2284,1.2,14,['KVKSEGMENT_8']
2285,12.0,2,['KVKSEGMENT_10']
2287,24.0,1,['E3B']
2288,24.0,1,['KVKSEGMENT_18']
2289,0.52,6,['KVKSEGMENT_1']
2291,0.56,25,['E3D']
2292,0.52,6,['KVKSEGMENT_20']
2293,24.0,1,['KVKSEGMENT_18']
2297,0.65,22,['E3A']
2298,1.41,10,['KVKSEGMENT_1']
2300,0.54,25,['KVKSEGMENT_19']
2301,0.5,6,['KVKSEGMENT_8']
2302,1.14,14,['KVKSEGMENT_8']
2304,24.0,1,['E3C']
2305,24.0,1,['KVKSEGMENT_13']
2306,24.0,1,['KVKSEGMENT_4']
2307,24.0,1,['E3C']
2308,0.67,22,['KVKSEGMENT_7']
2309,24.0,1,['E3B']
2310,24.0,1,['KVKSEGMENT_19']
2311,2.67,16,['KVKSEGMENT_4']
2312,24.0,1,['KVKSEGMENT_12']
2313,24.0,1,['KVKSEGMENT_19']
2314,24.0,1,['KVKSEGMENT_14']
2316,0.57,25,['E3B']
2318,0.67,22,['KVKSEGMENT_9']
2319,24.0,1,['KVKSEGMENT_18']
2320,1.52,10,['KVKSEGMENT_8']
2321,24.0,1,['KVKSEGMENT_14']
2322,0.62,17,['E3C']
2323,0.5,6,['E3A']
2325,24.0,1,['E3A']
2330,24.0,1,['E3C']
2332,0.75,13,['KVKSEGMENT_18']
2335,24.0,1,['E3B']
2338,24.0,1,['KVKSEGMENT_7']
2340,1.5,10,['KVKSEGMENT_8']
2342,0.5,6,['E3A']
2344,2.4,5,['KVKSEGMENT_8']
2345,24.0,1,['KVKSEGMENT_4']
2346,1.0,0,['KVKSEGMENT_8']
2347,1.33,19,['E3A']
2348,24.0,1,['E3C']
2349,24.0,1,['E3B']
2352,24.0,1,['E3A']
2353,0.98,0,['KVKSEGMENT_1']
2354,0.53,6,['E3A']
2355,0.78,13,['KVKSEGMENT_18']
2356,24.0,1,['E3B']
2357,24.0,1,['E3A']
2358,0.5,6,['KVKSEGMENT_8']
2359,8.0,7,['KVKSEGMENT_8']
2360,24.0,1,['KVKSEGMENT_2']
2361,24.0,1,['KVKSEGMENT_8']
2365,24.0,1,['KVKSEGMENT_1']
2367,0.57,25,['E3C']
2368,24.0,1,['KVKSEGMENT_8']
2369,0.5,6,['E3C']
2370,8.0,7,['E3B']
2373,0.5,6,['KVKSEGMENT_16']
2377,24.0,1,['KVKSEGMENT_13']
2379,0.6,17,['E3B']
2381,0.65,22,['KVKSEGMENT_8']
2384,0.53,6,['KVKSEGMENT_8']
2385,0.56,25,['KVKSEGMENT_13']
2386,24.0,1,['E3C']
2387,1.44,10,['E3A']
2390,0.55,25,['E3A']
2391,3.0,11,['E3B']
2392,4.8,12,['KVKSEGMENT_10']
2393,24.0,1,['KVKSEGMENT_14']
2394,0.5,6,['KVKSEGMENT_8']
2395,24.0,1,['E3A']
2399,24.0,1,['E3C']
2400,0.58,17,['KVKSEGMENT_8']
2402,0.71,13,['E3A']
2403,0.56,25,['KVKSEGMENT_16']
2405,0.52,6,['KVKSEGMENT_1']
2406,0.5,6,['E3A']
2407,24.0,1,['KVKSEGMENT_1']
2408,12.0,2,['KVKSEGMENT_1']
2409,24.0,1,['KVKSEGMENT_13']
2412,0.56,25,['E3B']
2413,0.88,21,['E3A']
2414,0.59,17,['KVKSEGMENT_19']
2415,0.55,25,['KVKSEGMENT_9']
2416,0.75,13,['E3A']
2417,0.53,6,['E3A']
2418,24.0,1,['KVKSEGMENT_8']
2419,24.0,1,['KVKSEGMENT_19']
2421,0.75,13,['KVKSEGMENT_4']
2423,0.55,25,['KVKSEGMENT_20']
2424,0.83,21,['E3A']
2425,24.0,1,['E3B']
2426,3.43,15,['KVKSEGMENT_7']
2427,24.0,1,['KVKSEGMENT_1']
2430,8.0,7,['E3A']
2431,1.41,10,['KVKSEGMENT_18']
2432,0.52,6,['KVKSEGMENT_1']
2434,24.0,1,['KVKSEGMENT_13']
2436,0.52,6,['E3A']
2437,12.0,2,['E3B']
2439,1.2,14,['E3A']
2440,0.51,6,['KVKSEGMENT_10']
2441,0.51,6,['KVKSEGMENT_1']
2442,0.53,6,['KVKSEGMENT_19']
2443,6.0,4,['KVKSEGMENT_7']
2444,1.71,18,['KVKSEGMENT_4']
2445,0.52,6,['KVKSEGMENT_18']
2446,24.0,1,['KVKSEGMENT_13']
2447,24.0,1,['E3A']
2449,0.59,17,['E3B']
2452,1.5,10,['E3A']
2455,24.0,1,['E3B']
2457,24.0,1,['KVKSEGMENT_8']
2458,0.51,6,['KVKSEGMENT_2']
2459,12.0,2,['KVKSEGMENT_10']
2460,6.0,4,['E3A']
2461,2.4,5,['KVKSEGMENT_1']
2462,0.5,6,['E3C']
2463,24.0,1,['KVKSEGMENT_1']
2464,8.0,7,['KVKSEGMENT_15']
2465,12.0,2,['E3B']
2466,24.0,1,['E3C']
2469,0.5,6,['KVKSEGMENT_8']
2470,24.0,1,['KVKSEGMENT_1']
2471,24.0,1,['E3A']
2472,24.0,1,['KVKSEGMENT_7']
2473,1.6,18,['KVKSEGMENT_18']
2474,0.55,25,['KVKSEGMENT_1']
2475,24.0,1,['KVKSEGMENT_8']
2477,0.5,6,['KVKSEGMENT_16']
2478,0.51,6,['KVKSEGMENT_18']
2480,2.0,9,['KVKSEGMENT_9']
2482,0.53,6,['E3C']
2483,24.0,1,['E3A']
2486,24.0,1,['E3D']
2487,0.67,22,['KVKSEGMENT_11']
2488,2.67,16,['KVKSEGMENT_4']
2489,0.55,25,['KVKSEGMENT_8']
2493,0.51,6,['E3A']
2498,1.0,0,['KVKSEGMENT_8']
2499,24.0,1,['KVKSEGMENT_10']
2503,0.74,13,['KVKSEGMENT_20']
2504,0.57,25,['KVKSEGMENT_11']
2505,24.0,1,['KVKSEGMENT_14']
2507,1.26,19,['KVKSEGMENT_20']
2508,24.0,1,['KVKSEGMENT_8']
2510,1.0,0,['E3C']
2511,0.77,13,['KVKSEGMENT_19']
2512,8.0,7,['KVKSEGMENT_8']
2515,24.0,1,['KVKSEGMENT_1']
2516,0.54,25,['E3A']
2519,12.0,2,['KVKSEGMENT_10']
2520,24.0,1,['E3A']
2521,0.96,0,['KVKSEGMENT_2']
2524,0.57,25,['KVKSEGMENT_2']
2527,24.0,1,['KVKSEGMENT_14']
2528,2.4,5,['KVKSEGMENT_8']
2529,24.0,1,['E3C']
2530,0.51,6,['KVKSEGMENT_8']
2531,24.0,1,['KVKSEGMENT_7']
2532,24.0,1,['KVKSEGMENT_1']
2534,0.53,6,['KVKSEGMENT_13']
2535,0.79,13,['E3B']
2536,24.0,1,['KVKSEGMENT_8']
2537,24.0,1,['KVKSEGMENT_8']
2539,24.0,1,['E3A']
2540,0.99,0,['KVKSEGMENT_10']
2544,24.0,1,['KVKSEGMENT_12']
2545,0.52,6,['KVKSEGMENT_8']
2546,24.0,1,['E3B']
2548,0.61,17,['E3A']
2550,24.0,1,['KVKSEGMENT_16']
2551,24.0,1,['E3A']
2553,24.0,1,['KVKSEGMENT_1']
2555,1.26,19,['KVKSEGMENT_20']
2556,0.57,25,['E3C']
2557,0.51,6,['KVKSEGMENT_4']
2558,1.0,0,['KVKSEGMENT_10']
2559,24.0,1,['KVKSEGMENT_13']
2560,0.5,6,['KVKSEGMENT_8']
2561,24.0,1,['KVKSEGMENT_20']
2562,0.92,21,['KVKSEGMENT_8']
2564,24.0,1,['KVKSEGMENT_19']
2567,0.52,6,['E3C']
2568,12.0,2,['KVKSEGMENT_10']
2569,0.52,6,['KVKSEGMENT_4']
2570,24.0,1,['E3A']
2572,24.0,1,['KVKSEGMENT_13']
2573,24.0,1,['KVKSEGMENT_2']
2575,2.0,9,['E3A']
2576,4.48,12,['KVKSEGMENT_16']
2577,0.51,6,['E3A']
2579,0.57,25,['E3A']
2583,0.5,6,['KVKSEGMENT_19']
2584,0.59,17,['E3B']
2585,24.0,1,['KVKSEGMENT_12']
2586,24.0,1,['KVKSEGMENT_16']
2587,24.0,1,['KVKSEGMENT_1']
2590,24.0,1,['KVKSEGMENT_4']
2592,24.0,1,['KVKSEGMENT_4']
2594,0.59,17,['KVKSEGMENT_13']
2598,0.65,22,['E3B']
2599,0.54,25,['KVKSEGMENT_1']
2600,0.5,6,['E3B']
2601,1.09,0,['E3B']
2606,24.0,1,['KVKSEGMENT_18']
2608,24.0,1,['KVKSEGMENT_10']
2610,0.5,6,['KVKSEGMENT_4']
2611,0.5,6,['KVKSEGMENT_8']
2612,0.59,17,['E3A']
2613,24.0,1,['E3A']
2615,24.0,1,['KVKSEGMENT_8']
2616,24.0,1,['E3A']
2617,0.63,22,['KVKSEGMENT_1']
2619,24.0,1,['KVKSEGMENT_20']
2620,0.5,6,['KVKSEGMENT_1']
2622,0.6,17,['E3A']
2623,1.71,18,['E3B']
2624,24.0,1,['KVKSEGMENT_8']
2625,1.2,14,['E3C']
2626,24.0,1,['KVKSEGMENT_4']
2628,0.5,6,['E3A']
2630,0.55,25,['E3C']
2631,24.0,1,['KVKSEGMENT_1']
2634,0.72,13,['KVKSEGMENT_16']
2636,24.0,1,['E3A']
2638,0.86,21,['E3A']
2640,24.0,1,['KVKSEGMENT_10']
2643,0.5,6,['E3B']
2644,0.58,17,['KVKSEGMENT_11']
2645,0.52,6,['E3B']
2647,2.67,16,['E3A']
2649,0.5,6,['E3C']
2650,24.0,1,['E3A']
2651,0.51,6,['E3B']
2655,0.55,25,['KVKSEGMENT_6']
2656,24.0,1,['E3C']
2657,0.54,25,['KVKSEGMENT_18']
2658,0.62,17,['E3C']
2659,0.57,25,['KVKSEGMENT_11']
2661,24.0,1,['KVKSEGMENT_16']
2662,12.0,2,['KVKSEGMENT_13']
2664,0.5,6,['KVKSEGMENT_6']
2665,24.0,1,['E3B']
2666,24.0,1,['KVKSEGMENT_4']
2667,12.0,2,['E3C']
2668,12.0,2,['KVKSEGMENT_5']
2671,12.0,2,['KVKSEGMENT_1']
2672,0.52,6,['KVKSEGMENT_10']
2673,0.52,6,['KVKSEGMENT_17']
2674,24.0,1,['KVKSEGMENT_14']
2676,24.0,1,['E3A']
2677,0.54,25,['KVKSEGMENT_18']
2678,0.52,6,['KVKSEGMENT_20']
2679,0.55,25,['KVKSEGMENT_16']
2681,24.0,1,['KVKSEGMENT_1']
2682,0.54,25,['E3B']
2685,24.0,1,['KVKSEGMENT_1']
2687,1.04,0,['KVKSEGMENT_2']
2688,24.0,1,['KVKSEGMENT_10']
2689,24.0,1,['E3B']
2692,24.0,1,['KVKSEGMENT_1']
2693,0.65,22,['KVKSEGMENT_10']
2694,0.5,6,['E3C']
2696,24.0,1,['KVKSEGMENT_12']
2697,24.0,1,['E3A']
2698,0.5,6,['E3A']
2700,0.59,17,['E3B']
2701,24.0,1,['KVKSEGMENT_13']
2702,4.8,12,['KVKSEGMENT_6']
2703,1.0,0,['KVKSEGMENT_8']
2704,0.6,17,['KVKSEGMENT_16']
2707,0.5,6,['E3B']
2708,0.53,6,['KVKSEGMENT_4']
2709,24.0,1,['KVKSEGMENT_1']
2710,2.0,9,['KVKSEGMENT_9']
2711,12.0,2,['KVKSEGMENT_6']
2713,24.0,1,['KVKSEGMENT_1']
2716,0.54,25,['E3A']
2717,24.0,1,['E3A']
2718,6.0,4,['KVKSEGMENT_6']
2719,1.0,0,['E3C']
2720,0.51,6,['E3B']
2721,24.0,1,['KVKSEGMENT_8']
2722,2.0,9,['E3A']
2724,24.0,1,['KVKSEGMENT_13']
2726,0.55,25,['KVKSEGMENT_2']
2727,1.5,10,['E3C']
2728,24.0,1,['E3A']
2729,1.5,10,['E3A']
2730,2.03,9,['E3B']
2731,0.52,6,['E3C']
2732,24.0,1,['E3A']
2733,2.67,16,['KVKSEGMENT_1']
2735,24.0,1,['KVKSEGMENT_4']
2736,2.4,5,['KVKSEGMENT_8']
2740,24.0,1,['KVKSEGMENT_13']
2742,0.52,6,['E3C']
2746,1.0,0,['KVKSEGMENT_8']
2747,0.55,25,['KVKSEGMENT_8']
2748,24.0,1,['E3A']
2750,0.56,25,['KVKSEGMENT_16']
2753,0.5,6,['E3C']
2754,24.0,1,['E3A']
2756,0.51,6,['E3A']
2761,0.5,6,['KVKSEGMENT_19']
2762,0.84,21,['E3A']
2763,0.56,25,['E3B']
2764,24.0,1,['KVKSEGMENT_10']
2766,12.0,2,['E3D']
2768,1.02,0,['E3A']
2773,12.0,2,['KVKSEGMENT_1']
2774,24.0,1,['KVKSEGMENT_8']
2775,24.0,1,['E3B']
2777,24.0,1,['KVKSEGMENT_8']
2778,0.57,25,['KVKSEGMENT_16']
2779,0.51,6,['E3B']
2780,2.67,16,['KVKSEGMENT_7']
2781,0.51,6,['E3B']
2782,24.0,1,['KVKSEGMENT_16']
2783,0.55,25,['KVKSEGMENT_8']
2784,24.0,1,['KVKSEGMENT_4']
2786,24.0,1,['KVKSEGMENT_1']
2787,0.5,6,['E3A']
2788,6.0,4,['E3A']
2789,0.5,6,['KVKSEGMENT_19']
2790,0.51,6,['KVKSEGMENT_1']
2791,0.87,21,['E3A']
2792,24.0,1,['KVKSEGMENT_20']
2793,0.52,6,['KVKSEGMENT_18']
2794,0.51,6,['KVKSEGMENT_16']
2795,24.0,1,['E3C']
2796,24.0,1,['E3A']
2797,6.0,4,['KVKSEGMENT_14']
2799,0.55,25,['E3A']
2802,1.26,19,['E3B']
2804,1.85,24,['KVKSEGMENT_18']
2805,24.0,1,['E3C']
2806,24.0,1,['E3C']
2807,24.0,1,['KVKSEGMENT_10']
2809,24.0,1,['KVKSEGMENT_14']
2810,0.51,6,['KVKSEGMENT_1']
2811,24.0,1,['E3B']
2812,1.99,9,['E3C']
2814,1.28,19,['KVKSEGMENT_12']
2817,0.54,25,['E3B']
2821,4.0,8,['KVKSEGMENT_18']
2822,24.0,1,['KVKSEGMENT_8']
2824,0.54,25,['KVKSEGMENT_19']
2826,24.0,1,['KVKSEGMENT_10']
2831,0.51,6,['KVKSEGMENT_8']
2832,24.0,1,['E3A']
2834,24.0,1,['KVKSEGMENT_1']
2835,0.59,17,['KVKSEGMENT_13']
2836,0.56,25,['E3B']
2838,0.55,25,['E3C']
2839,24.0,1,['E3B']
2840,0.51,6,['E3A']
2841,24.0,1,['E3A']
2842,24.0,1,['KVKSEGMENT_14']
2843,0.67,22,['KVKSEGMENT_16']
2844,0.5,6,['E3B']
2846,0.63,22,['KVKSEGMENT_14']
2847,0.8,13,['KVKSEGMENT_4']
2848,8.0,7,['KVKSEGMENT_14']
2850,0.67,22,['E3B']
2851,0.59,17,['E3A']
2852,0.92,21,['E3A']
2853,6.0,4,['E3B']
2854,0.6,17,['KVKSEGMENT_16']
2855,7.99,7,['KVKSEGMENT_18']
2856,24.0,1,['E3C']
2858,24.0,1,['KVKSEGMENT_19']
2860,6.0,4,['KVKSEGMENT_4']
2862,1.6,18,['E3B']
2864,12.0,2,['KVKSEGMENT_1']
2866,1.09,0,['KVKSEGMENT_4']
2867,1.0,0,['E3C']
2869,0.5,6,['KVKSEGMENT_1']
2870,24.0,1,['KVKSEGMENT_18']
2871,24.0,1,['E3B']
2876,0.5,6,['KVKSEGMENT_8']
2877,24.0,1,['KVKSEGMENT_7']
2878,24.0,1,['E3B']
2879,12.0,2,['E3A']
2880,0.5,6,['KVKSEGMENT_8']
2881,0.89,21,['E3C']
2885,24.0,1,['KVKSEGMENT_8']
2886,1.71,18,['KVKSEGMENT_10']
2887,6.0,4,['E3C']
2890,24.0,1,['E3A']
2891,24.0,1,['E3A']
2892,24.0,1,['E3A']
2896,12.0,2,['KVKSEGMENT_10']
2897,24.0,1,['KVKSEGMENT_12']
2898,0.51,6,['KVKSEGMENT_11']
2901,24.0,1,['KVKSEGMENT_1']
2902,24.0,1,['KVKSEGMENT_20']
2903,0.65,22,['KVKSEGMENT_1']
2904,0.52,6,['E3A']
2905,0.62,17,['E3A']
2906,8.0,7,['KVKSEGMENT_9']
2907,24.0,1,['KVKSEGMENT_4']
2908,0.52,6,['E3A']
2909,24.0,1,['KVKSEGMENT_12']
2910,24.0,1,['KVKSEGMENT_14']
2911,24.0,1,['E3A']
2912,0.52,6,['KVKSEGMENT_16']
2914,0.51,6,['KVKSEGMENT_13']
2915,24.0,1,['E3B']
2916,0.53,6,['E3B']
2917,0.5,6,['E3B']
2918,24.0,1,['KVKSEGMENT_1']
2920,0.52,6,['KVKSEGMENT_20']
2921,24.0,1,['E3B']
2922,0.51,6,['KVKSEGMENT_8']
2923,24.0,1,['KVKSEGMENT_11']
2928,24.0,1,['KVKSEGMENT_1']
2930,0.55,25,['E3B']
2934,24.0,1,['KVKSEGMENT_8']
2936,24.0,1,['E3B']
2937,0.86,21,['KVKSEGMENT_13']
2938,1.52,10,['E3C']
2940,0.5,6,['KVKSEGMENT_10']
2941,24.0,1,['KVKSEGMENT_8']
2943,24.0,1,['KVKSEGMENT_4']
2945,0.5,6,['KVKSEGMENT_1']
2946,24.0,1,['E3C']
2948,24.0,1,['KVKSEGMENT_1']
2950,24.0,1,['KVKSEGMENT_8']
2951,24.0,1,['E3A']
2953,2.4,5,['E3A']
2955,0.57,25,['E3A']
2958,24.0,1,['E3C']
2959,24.0,1,['KVKSEGMENT_8']
2960,0.52,6,['KVKSEGMENT_13']
2962,0.6,17,['KVKSEGMENT_13']
2963,24.0,1,['E3B']
2964,0.55,25,['KVKSEGMENT_16']
2965,0.52,6,['KVKSEGMENT_18']
2966,24.0,1,['E3C']
2967,1.5,10,['KVKSEGMENT_14']
2968,0.76,13,['E3A']
2969,0.57,25,['KVKSEGMENT_14']
2973,0.5,6,['KVKSEGMENT_1']
2974,2.67,16,['KVKSEGMENT_8']
2977,24.0,1,['KVKSEGMENT_18']
2978,24.0,1,['KVKSEGMENT_8']
2980,84.11,3,['KVKSEGMENT_8']
2981,0.6,17,['E3A']
2982,3.0,11,['KVKSEGMENT_19']
2983,8.0,7,['KVKSEGMENT_20']
2984,2.18,20,['KVKSEGMENT_15']
2985,24.0,1,['KVKSEGMENT_1']
2987,24.0,1,['KVKSEGMENT_4']
2988,2.0,9,['E3C']
2991,0.5,6,['KVKSEGMENT_8']
2993,0.61,17,['E3A']
2995,24.0,1,['E3A']
2998,0.5,6,['KVKSEGMENT_8']
3000,0.51,6,['E3A']
3007,12.0,2,['E3B']
3010,2.67,16,['KVKSEGMENT_4']
3012,24.0,1,['E3A']
3013,1.13,14,['KVKSEGMENT_18']
3014,24.0,1,['KVKSEGMENT_17']
3015,24.0,1,['KVKSEGMENT_14']
3016,0.92,21,['E3C']
3018,24.0,1,['E3A']
3019,0.5,6,['KVKSEGMENT_8']
3020,3.0,11,['KVKSEGMENT_4']
3021,24.0,1,['E3C']
3025,0.86,21,['KVKSEGMENT_1']
3026,24.0,1,['E3B']
3029,1.0,0,['KVKSEGMENT_14']
3031,0.53,6,['KVKSEGMENT_16']
3032,24.0,1,['E3C']
3033,2.0,9,['KVKSEGMENT_18']
3035,24.0,1,['E3B']
3036,24.0,1,['KVKSEGMENT_17']
3039,0.65,22,['KVKSEGMENT_13']
3041,0.53,6,['KVKSEGMENT_10']
3042,0.99,0,['E3C']
3044,0.53,6,['E3A']
3046,0.75,13,['KVKSEGMENT_12']
3047,1.41,10,['E3B']
3048,1.04,0,['KVKSEGMENT_7']
3049,8.0,7,['E3A']
3054,24.0,1,['KVKSEGMENT_14']
3055,24.0,1,['KVKSEGMENT_2']
3057,24.0,1,['KVKSEGMENT_16']
3058,2.67,16,['KVKSEGMENT_8']
3059,24.0,1,['E3A']
3060,24.0,1,['KVKSEGMENT_4']
3062,0.51,6,['E3A']
3063,2.4,5,['KVKSEGMENT_1']
3064,24.0,1,['KVKSEGMENT_12']
3065,0.53,6,['KVKSEGMENT_10']
3069,24.0,1,['KVKSEGMENT_19']
3070,1.0,0,['E3C']
3074,24.0,1,['KVKSEGMENT_18']
3075,0.51,6,['E3A']
3076,24.0,1,['E3B']
3077,0.55,25,['E3A']
3078,24.0,1,['E3A']
3080,12.0,2,['KVKSEGMENT_6']
3082,1.5,10,['KVKSEGMENT_14']
3084,24.0,1,['KVKSEGMENT_8']
3086,0.59,17,['E3C']
3088,24.0,1,['E3C']
3090,24.0,1,['KVKSEGMENT_18']
3092,24.0,1,['KVKSEGMENT_18']
3093,0.5,6,['KVKSEGMENT_20']
3094,0.75,13,['KVKSEGMENT_20']
3096,0.51,6,['KVKSEGMENT_13']
3098,0.55,25,['E3A']
3100,24.0,1,['KVKSEGMENT_8']
3101,24.0,1,['KVKSEGMENT_1']
3102,0.52,6,['KVKSEGMENT_20']
3103,24.0,1,['KVKSEGMENT_1']
3105,0.53,6,['KVKSEGMENT_13']
3106,0.5,6,['E3C']
3108,0.58,17,['KVKSEGMENT_18']
3109,0.75,13,['KVKSEGMENT_8']
3110,24.0,1,['KVKSEGMENT_8']
3111,12.0,2,['KVKSEGMENT_1']
3112,0.51,6,['KVKSEGMENT_12']
3114,1.71,18,['KVKSEGMENT_19']
3116,24.0,1,['KVKSEGMENT_1']
3117,24.0,1,['KVKSEGMENT_8']
3118,24.0,1,['KVKSEGMENT_13']
3120,24.0,1,['KVKSEGMENT_8']
3121,3.0,11,['KVKSEGMENT_1']
3123,0.55,25,['KVKSEGMENT_14']
3125,24.0,1,['KVKSEGMENT_1']
3126,0.5,6,['E3A']
3127,0.83,21,['E3B']
3128,1.0,0,['KVKSEGMENT_14']
3130,2.01,9,['E3A']
3133,0.56,25,['KVKSEGMENT_19']
3135,24.0,1,['KVKSEGMENT_5']
3140,24.0,1,['E3C']
3141,24.0,1,['E3B']
3143,0.5,6,['E3C']
3144,24.0,1,['E3C']
3145,1.0,0,['E3C']
3146,24.0,1,['KVKSEGMENT_4']
3147,24.0,1,['E3C']
3148,24.0,1,['KVKSEGMENT_4']
3149,1.09,0,['E3A']
3150,24.0,1,['KVKSEGMENT_12']
3152,0.5,6,['E3A']
3153,3.43,15,['KVKSEGMENT_13']
3154,0.53,6,['KVKSEGMENT_14']
3156,0.51,6,['KVKSEGMENT_13']
3157,0.51,6,['KVKSEGMENT_13']
3158,0.52,6,['KVKSEGMENT_12']
3159,0.52,6,['KVKSEGMENT_18']
3164,4.8,12,['KVKSEGMENT_20']
3165,6.0,4,['KVKSEGMENT_8']
3166,8.0,7,['E3B']
3169,1.01,0,['E3A']
3171,0.52,6,['E3C']
3172,24.0,1,['KVKSEGMENT_18']
3173,2.4,5,['E3C']
3175,0.5,6,['E3C']
3176,24.0,1,['E3A']
3177,24.0,1,['E3A']
3178,0.53,6,['KVKSEGMENT_14']
3179,0.53,6,['E3A']
3180,0.5,6,['KVKSEGMENT_18']
3182,0.52,6,['KVKSEGMENT_1']
3183,0.5,6,['KVKSEGMENT_11']
3185,0.5,6,['E3C']
3186,24.0,1,['KVKSEGMENT_8']
3188,0.52,6,['KVKSEGMENT_16']
3189,0.51,6,['E3A']
3191,24.0,1,['KVKSEGMENT_16']
3192,0.6,17,['KVKSEGMENT_8']
3194,0.5,6,['E3B']
3195,1.04,0,['KVKSEGMENT_8']
3196,4.0,8,['E3B']
3197,0.55,25,['E3B']
3200,0.5,6,['KVKSEGMENT_8']
3202,0.55,25,['KVKSEGMENT_11']
3205,0.51,6,['KVKSEGMENT_19']
3207,24.0,1,['E3C']
3209,24.0,1,['KVKSEGMENT_18']
3211,24.0,1,['KVKSEGMENT_8']
3213,0.5,6,['KVKSEGMENT_1']
3214,0.58,17,['E3A']
3215,24.0,1,['E3A']
3216,1.0,0,['KVKSEGMENT_8']
3217,0.63,22,['E3A']
3218,3.43,15,['E3A']
3220,0.5,6,['KVKSEGMENT_14']
3222,0.51,6,['E3A']
3224,0.78,13,['KVKSEGMENT_6']
3225,0.5,6,['E3C']
3226,24.0,1,['KVKSEGMENT_14']
3228,0.86,21,['KVKSEGMENT_19']
3230,2.0,9,['KVKSEGMENT_8']
3234,12.0,2,['KVKSEGMENT_14']
3235,24.0,1,['KVKSEGMENT_10']
3236,24.0,1,['KVKSEGMENT_13']
3237,12.0,2,['E3A']
3238,0.5,6,['KVKSEGMENT_8']
3239,1.6,18,['E3B']
3240,3.0,11,['E3A']
3241,24.0,1,['E3B']
3247,24.0,1,['KVKSEGMENT_8']
3248,1.0,0,['E3B']
3249,24.0,1,['KVKSEGMENT_4']
3252,24.0,1,['KVKSEGMENT_15']
3253,24.0,1,['KVKSEGMENT_1']
3254,0.51,6,['KVKSEGMENT_14']
3255,24.0,1,['KVKSEGMENT_4']
3256,24.0,1,['E3C']
3257,0.8,13,['KVKSEGMENT_8']
3258,24.0,1,['E3A']
3259,24.0,1,['KVKSEGMENT_16']
3261,0.55,25,['E3A']
3262,0.61,17,['KVKSEGMENT_16']
3263,24.0,1,['KVKSEGMENT_13']
3264,24.0,1,['KVKSEGMENT_18']
3269,24.0,1,['KVKSEGMENT_13']
3271,0.57,25,['E3C']
3274,0.56,25,['KVKSEGMENT_18']
3275,24.0,1,['KVKSEGMENT_12']
3276,2.18,20,['KVKSEGMENT_4']
3278,0.6,17,['KVKSEGMENT_13']
3279,1.5,10,['KVKSEGMENT_18']
3280,0.52,6,['E3A']
3282,24.0,1,['KVKSEGMENT_4']
3283,1.0,0,['KVKSEGMENT_1']
3284,0.6,17,['KVKSEGMENT_20']
3287,0.5,6,['E3A']
3288,0.5,6,['E3D']
3290,24.0,1,['KVKSEGMENT_13']
3291,24.0,1,['KVKSEGMENT_4']
3292,0.52,6,['KVKSEGMENT_11']
3293,1.85,24,['KVKSEGMENT_20']
3296,1.0,0,['KVKSEGMENT_8']
3297,0.56,25,['KVKSEGMENT_7']
3299,24.0,1,['KVKSEGMENT_16']
3301,0.56,25,['KVKSEGMENT_20']
3302,0.56,25,['KVKSEGMENT_13']
3303,0.74,13,['KVKSEGMENT_15']
3304,24.0,1,['KVKSEGMENT_13']
3306,8.0,7,['KVKSEGMENT_4']
3307,0.54,25,['KVKSEGMENT_2']
3311,1.09,0,['E3C']
3313,24.0,1,['E3C']
3318,0.57,25,['KVKSEGMENT_8']
3319,0.53,6,['E3A']
3320,24.0,1,['KVKSEGMENT_8']
3321,0.88,21,['KVKSEGMENT_13']
3322,1.5,10,['KVKSEGMENT_8']
3323,0.68,22,['E3C']
3324,0.86,21,['E3C']
3325,0.5,6,['KVKSEGMENT_1']
3326,1.0,0,['KVKSEGMENT_16']
3328,24.0,1,['E3B']
3329,0.51,6,['KVKSEGMENT_1']
3330,0.57,25,['KVKSEGMENT_8']
3331,1.33,19,['KVKSEGMENT_5']
3333,4.0,8,['E3C']
3334,0.52,6,['E3B']
3335,0.5,6,['KVKSEGMENT_8']
3339,0.56,25,['KVKSEGMENT_10']
3340,0.52,6,['E3A']
3341,0.56,25,['KVKSEGMENT_18']
3343,12.0,2,['E3B']
3344,0.5,6,['KVKSEGMENT_8']
3347,0.5,6,['KVKSEGMENT_1']
3348,12.0,2,['KVKSEGMENT_19']
3349,24.0,1,['KVKSEGMENT_10']
3353,0.57,25,['E3A']
3354,3.0,11,['KVKSEGMENT_18']
3356,0.53,6,['KVKSEGMENT_18']
3358,24.0,1,['KVKSEGMENT_18']
3359,24.0,1,['KVKSEGMENT_16']
3360,0.8,13,['KVKSEGMENT_2']
3364,24.0,1,['E3A']
3365,24.0,1,['KVKSEGMENT_8']
3367,0.5,6,['E3C']
3368,0.52,6,['E3A']
3369,0.77,13,['KVKSEGMENT_4']
3370,1.5,10,['KVKSEGMENT_8']
3371,24.0,1,['KVKSEGMENT_1']
3372,24.0,1,['E3A']
3374,0.73,13,['KVKSEGMENT_18']
3376,1.52,10,['E3A']
3377,6.0,4,['KVKSEGMENT_19']
3378,0.5,6,['KVKSEGMENT_14']
3379,0.8,13,['E3C']
3380,0.5,6,['KVKSEGMENT_8']
3381,8.0,7,['KVKSEGMENT_16']
3382,24.0,1,['KVKSEGMENT_16']
3383,0.55,25,['E3B']
3387,0.52,6,['KVKSEGMENT_7']
3388,0.8,13,['E3C']
3389,24.0,1,['KVKSEGMENT_20']
3391,24.0,1,['KVKSEGMENT_4']
3393,0.56,25,['KVKSEGMENT_18']
3395,24.0,1,['KVKSEGMENT_4']
3400,24.0,1,['KVKSEGMENT_1']
3401,0.63,22,['KVKSEGMENT_7']
3402,0.5,6,['E3A']
3404,0.57,25,['E3A']
3405,1.33,19,['E3A']
3406,0.54,25,['KVKSEGMENT_11']
3407,24.0,1,['KVKSEGMENT_2']
3408,1.0,0,['E3D']
3409,24.0,1,['KVKSEGMENT_4']
3410,0.61,17,['E3B']
3412,0.5,6,['E3B']
3413,0.5,6,['E3B']
3414,1.2,14,['KVKSEGMENT_8']
3416,0.52,6,['KVKSEGMENT_1']
3418,0.53,6,['E3C']
3419,24.0,1,['E3B']
3420,24.0,1,['E3B']
3422,0.57,25,['KVKSEGMENT_11']
3423,0.55,25,['KVKSEGMENT_1']
3424,0.62,17,['E3A']
3425,0.75,13,['E3B']
3426,1.0,0,['E3C']
3428,1.5,10,['KVKSEGMENT_8']
3429,24.0,1,['E3B']
3431,1.63,18,['KVKSEGMENT_9']
3433,0.51,6,['KVKSEGMENT_20']
3434,24.0,1,['E3C']
3435,24.0,1,['KVKSEGMENT_17']
3436,0.53,6,['KVKSEGMENT_1']
3437,24.0,1,['E3B']
3438,1.0,0,['KVKSEGMENT_8']
3440,1.5,10,['E3A']
3441,24.0,1,['KVKSEGMENT_14']
3442,24.0,1,['E3A']
3443,0.52,6,['KVKSEGMENT_1']
3444,0.52,6,['KVKSEGMENT_1']
3446,0.7,22,['E3B']
3447,24.0,1,['KVKSEGMENT_1']
3449,0.54,25,['KVKSEGMENT_10']
3450,6.0,4,['E3D']
3452,24.0,1,['KVKSEGMENT_10']
3453,0.55,25,['E3C']
3454,24.0,1,['KVKSEGMENT_8']
3455,0.57,25,['E3C']
3457,1.33,19,['E3B']
3458,0.58,17,['E3A']
3459,0.96,0,['KVKSEGMENT_17']
3460,24.0,1,['E3B']
3462,0.59,17,['E3A']
3463,12.0,2,['KVKSEGMENT_10']
3465,0.55,25,['KVKSEGMENT_9']
3467,0.5,6,['E3D']
3468,12.0,2,['E3B']
3469,0.5,6,['KVKSEGMENT_16']
3470,0.5,6,['KVKSEGMENT_14']
3471,0.51,6,['KVKSEGMENT_1']
3473,1.0,0,['KVKSEGMENT_14']
3474,24.0,1,['KVKSEGMENT_17']
3475,24.0,1,['E3B']
3477,2.18,20,['KVKSEGMENT_16']
3478,24.0,1,['KVKSEGMENT_13']
3479,24.0,1,['E3A']
3480,2.18,20,['KVKSEGMENT_4']
3482,24.0,1,['E3A']
3484,12.0,2,['E3A']
3485,0.65,22,['E3B']
3488,24.0,1,['E3C']
3489,1.2,14,['E3A']
3490,1.51,10,['E3A']
3491,24.0,1,['E3C']
3493,24.0,1,['E3B']
3494,0.5,6,['KVKSEGMENT_14']
3497,24.0,1,['KVKSEGMENT_8']
3498,0.65,22,['E3A']
3500,24.0,1,['KVKSEGMENT_8']
3501,0.53,6,['KVKSEGMENT_13']
3502,0.5,6,['E3A']
3507,0.59,17,['KVKSEGMENT_6']
3509,24.0,1,['KVKSEGMENT_17']
3510,0.51,6,['KVKSEGMENT_10']
3512,3.0,11,['KVKSEGMENT_8']
3513,0.52,6,['E3A']
3516,24.0,1,['E3B']
3517,0.54,25,['E3A']
3518,24.0,1,['KVKSEGMENT_4']
3520,0.53,6,['E3C']
3521,24.0,1,['E3A']
3522,24.0,1,['KVKSEGMENT_18']
3523,24.0,1,['KVKSEGMENT_13']
3524,24.0,1,['KVKSEGMENT_18']
3526,12.0,2,['KVKSEGMENT_9']
3527,0.51,6,['E3A']
3529,24.0,1,['KVKSEGMENT_7']
3530,0.55,25,['KVKSEGMENT_12']
3531,24.0,1,['KVKSEGMENT_1']
3532,0.5,6,['KVKSEGMENT_8']
3533,24.0,1,['KVKSEGMENT_16']
3534,0.51,6,['KVKSEGMENT_12']
3538,0.55,25,['KVKSEGMENT_13']
3539,1.0,0,['E3B']
3540,0.75,13,['E3C']
3541,24.0,1,['E3B']
3542,0.52,6,['KVKSEGMENT_13']
3544,1.6,18,['KVKSEGMENT_8']
3545,0.71,13,['E3B']
3546,0.54,25,['KVKSEGMENT_13']
3547,24.0,1,['E3C']
3548,12.0,2,['KVKSEGMENT_16']
3549,0.5,6,['E3C']
3550,0.56,25,['E3B']
3551,1.2,14,['E3B']
3552,0.56,25,['E3C']
3553,24.0,1,['KVKSEGMENT_4']
3555,0.78,13,['E3B']
3556,1.5,10,['E3B']
3557,0.5,6,['E3B']
3558,24.0,1,['KVKSEGMENT_19']
3559,0.51,6,['E3A']
3560,1.85,24,['KVKSEGMENT_18']
3563,0.59,17,['KVKSEGMENT_13']
3564,24.0,1,['E3C']
3565,0.67,22,['E3A']
3566,0.58,17,['KVKSEGMENT_18']
3567,0.52,6,['KVKSEGMENT_14']
3568,12.0,2,['KVKSEGMENT_10']
3569,0.85,21,['KVKSEGMENT_1']
3573,0.56,25,['E3D']
3575,1.09,0,['KVKSEGMENT_10']
3576,24.0,1,['KVKSEGMENT_8']
3583,24.0,1,['E3C']
3584,24.0,1,['KVKSEGMENT_17']
3585,24.0,1,['KVKSEGMENT_8']
3586,24.0,1,['KVKSEGMENT_10']
3589,1.0,0,['KVKSEGMENT_8']
3590,24.0,1,['E3C']
3591,24.0,1,['KVKSEGMENT_13']
3592,24.0,1,['KVKSEGMENT_18']
3593,0.53,6,['KVKSEGMENT_4']
3594,8.0,7,['KVKSEGMENT_10']
3597,1.41,10,['KVKSEGMENT_16']
3598,24.0,1,['E3A']
3601,24.0,1,['KVKSEGMENT_10']
3603,0.53,6,['E3A']
3604,0.58,17,['KVKSEGMENT_13']
3605,24.0,1,['E3B']
3606,24.0,1,['E3B']
3607,12.0,2,['KVKSEGMENT_1']
3608,0.51,6,['E3B']
3609,24.0,1,['E3C']
3611,0.75,13,['KVKSEGMENT_8']
3612,12.0,2,['KVKSEGMENT_18']
3614,12.0,2,['KVKSEGMENT_1']
3615,24.0,1,['KVKSEGMENT_12']
3616,24.0,1,['KVKSEGMENT_14']
3617,1.0,0,['KVKSEGMENT_13']
3618,0.51,6,['KVKSEGMENT_18']
3620,24.0,1,['KVKSEGMENT_4']
3621,24.0,1,['KVKSEGMENT_12']
3625,0.6,17,['E3C']
3626,24.0,1,['E3A']
3628,0.59,17,['E3A']
3629,24.0,1,['E3A']
3630,1.04,0,['E3C']
3631,0.55,25,['E3C']
3632,0.51,6,['E3A']
3633,24.0,1,['E3C']
3634,0.69,22,['E3A']
3635,0.55,25,['KVKSEGMENT_20']
3638,1.85,24,['KVKSEGMENT_8']
3639,24.0,1,['E3C']
3640,24.0,1,['E3D']
3641,6.0,4,['KVKSEGMENT_9']
3642,24.0,1,['E3B']
3643,2.4,5,['KVKSEGMENT_18']
3644,24.0,1,['KVKSEGMENT_1']
3646,0.51,6,['KVKSEGMENT_6']
3647,0.86,21,['E3C']
3648,0.5,6,['KVKSEGMENT_8']
3649,0.5,6,['KVKSEGMENT_14']
3650,0.57,25,['E3B']
3652,24.0,1,['E3B']
3653,1.5,10,['E3B']
3654,24.0,1,['E3A']
3655,1.5,10,['E3A']
3658,1.6,18,['KVKSEGMENT_13']
3662,24.0,1,['KVKSEGMENT_16']
3665,24.0,1,['E3A']
3667,1.2,14,['KVKSEGMENT_8']
3669,24.0,1,['KVKSEGMENT_10']
3670,24.0,1,['KVKSEGMENT_13']
3672,0.52,6,['KVKSEGMENT_7']
3674,0.55,25,['KVKSEGMENT_10']
3675,0.53,6,['KVKSEGMENT_12']
3678,0.57,25,['KVKSEGMENT_7']
3679,0.5,6,['E3C']
3680,1.19,14,['KVKSEGMENT_8']
3681,12.0,2,['KVKSEGMENT_10']
3683,1.2,14,['E3B']
3684,1.0,0,['E3A']
3685,24.0,1,['KVKSEGMENT_10']
3689,0.5,6,['E3C']
3690,0.55,25,['KVKSEGMENT_18']
3691,24.0,1,['E3A']
3693,24.0,1,['KVKSEGMENT_8']
3697,24.0,1,['E3A']
3698,0.52,6,['KVKSEGMENT_20']
3700,0.56,25,['KVKSEGMENT_20']
3702,24.0,1,['KVKSEGMENT_8']
3703,24.0,1,['E3B']
3707,0.5,6,['KVKSEGMENT_16']
3710,24.0,1,['E3A']
3711,24.0,1,['KVKSEGMENT_4']
3712,0.57,25,['KVKSEGMENT_8']
3714,0.86,21,['KVKSEGMENT_1']
3715,24.0,1,['KVKSEGMENT_4']
3716,8.0,7,['E3C']
3719,2.0,9,['E3B']
3720,1.2,14,['KVKSEGMENT_4']
3722,24.0,1,['E3B']
3723,24.0,1,['KVKSEGMENT_13']
3724,0.8,13,['KVKSEGMENT_14']
3725,1.04,0,['KVKSEGMENT_4']
3726,0.6,17,['KVKSEGMENT_10']
3728,12.0,2,['KVKSEGMENT_20']
3730,24.0,1,['KVKSEGMENT_16']
3733,0.64,22,['KVKSEGMENT_4']
3734,0.67,22,['KVKSEGMENT_7']
3735,0.62,17,['KVKSEGMENT_11']
3736,24.0,1,['KVKSEGMENT_6']
3737,0.5,6,['KVKSEGMENT_10']
3739,0.5,6,['E3B']
3740,0.55,25,['E3B']
3741,0.53,6,['E3B']
3742,24.0,1,['KVKSEGMENT_19']
3743,24.0,1,['KVKSEGMENT_4']
3745,24.0,1,['KVKSEGMENT_8']
3747,0.5,6,['E3A']
3749,24.0,1,['E3C']
3751,0.5,6,['E3C']
3752,24.0,1,['KVKSEGMENT_16']
3755,24.0,1,['KVKSEGMENT_13']
3756,24.0,1,['KVKSEGMENT_8']
3757,24.0,1,['E3A']
3758,0.54,25,['KVKSEGMENT_18']
3759,0.5,6,['KVKSEGMENT_8']
3760,24.0,1,['E3C']
3761,0.53,6,['KVKSEGMENT_18']
3764,0.57,25,['E3A']
3765,0.51,6,['KVKSEGMENT_10']
3766,0.52,6,['KVKSEGMENT_1']
3767,24.0,1,['E3D']
3768,24.0,1,['KVKSEGMENT_15']
3769,24.0,1,['E3A']
3770,24.0,1,['KVKSEGMENT_4']
3772,6.0,4,['KVKSEGMENT_19']
3773,0.5,6,['KVKSEGMENT_8']
3774,0.53,6,['E3A']
3777,0.54,25,['KVKSEGMENT_11']
3783,2.4,5,['KVKSEGMENT_5']
3785,0.53,6,['E3A']
3787,0.51,6,['KVKSEGMENT_4']
3788,24.0,1,['E3A']
3789,1.09,0,['E3A']
3790,24.0,1,['KVKSEGMENT_16']
3791,24.0,1,['E3A']
3792,0.53,6,['E3A']
3793,24.0,1,['E3C']
3794,24.0,1,['E3C']
3796,24.0,1,['E3A']
3797,0.71,13,['E3A']
3798,1.41,10,['E3A']
3800,0.75,13,['E3B']
3801,0.53,6,['E3A']
3803,0.51,6,['E3A']
3805,24.0,1,['E3B']
3807,24.0,1,['KVKSEGMENT_1']
3808,0.51,6,['E3B']
3810,0.77,13,['KVKSEGMENT_8']
3812,0.56,25,['KVKSEGMENT_8']
3813,0.5,6,['E3C']
3814,12.0,2,['KVKSEGMENT_9']
3815,24.0,1,['KVKSEGMENT_17']
3817,24.0,1,['E3A']
3819,24.0,1,['KVKSEGMENT_10']
3822,24.0,1,['E3C']
3823,24.0,1,['E3B']
3825,2.67,16,['KVKSEGMENT_20']
3831,0.5,6,['E3B']
3834,0.5,6,['KVKSEGMENT_4']
3836,24.0,1,['E3C']
3837,24.0,1,['KVKSEGMENT_13']
3839,0.57,25,['KVKSEGMENT_19']
3840,0.55,25,['E3C']
3842,24.0,1,['KVKSEGMENT_13']
3843,2.0,9,['KVKSEGMENT_9']
3844,24.0,1,['KVKSEGMENT_19']
3845,0.51,6,['KVKSEGMENT_13']
3848,0.92,21,['KVKSEGMENT_10']
3850,24.0,1,['KVKSEGMENT_1']
3851,24.0,1,['E3A']
3853,24.0,1,['E3A']
3855,24.0,1,['E3B']
3856,0.56,25,['KVKSEGMENT_13']
3858,24.0,1,['E3C']
3861,24.0,1,['E3C']
3864,0.52,6,['E3C']
3865,24.0,1,['KVKSEGMENT_14']
3867,24.0,1,['E3C']
3868,0.5,6,['KVKSEGMENT_8']
3869,24.0,1,['KVKSEGMENT_6']
3870,1.0,0,['KVKSEGMENT_8']
3871,1.14,14,['KVKSEGMENT_4']
3872,0.5,6,['KVKSEGMENT_1']
3875,0.6,17,['E3A']
3876,0.5,6,['KVKSEGMENT_2']
3878,0.57,25,['KVKSEGMENT_4']
3881,24.0,1,['E3A']
3882,0.62,17,['KVKSEGMENT_18']
3883,1.62,18,['E3C']
3884,1.59,18,['E3B']
3885,24.0,1,['KVKSEGMENT_4']
3887,0.74,13,['KVKSEGMENT_14']
3888,0.52,6,['KVKSEGMENT_20']
3890,0.54,25,['KVKSEGMENT_18']
3891,0.5,6,['KVKSEGMENT_9']
3892,24.0,1,['E3B']
3895,0.65,22,['KVKSEGMENT_13']
3897,0.5,6,['E3C']
3900,24.0,1,['KVKSEGMENT_12']
3903,24.0,1,['KVKSEGMENT_1']
3908,24.0,1,['E3A']
3909,0.5,6,['KVKSEGMENT_1']
3910,4.0,8,['KVKSEGMENT_1']
3911,0.5,6,['E3B']
3913,0.52,6,['E3A']
3914,1.71,18,['KVKSEGMENT_4']
3916,0.72,13,['KVKSEGMENT_20']
3918,24.0,1,['KVKSEGMENT_8']
3919,24.0,1,['KVKSEGMENT_12']
3921,4.0,8,['E3A']
3927,2.67,16,['E3A']
3928,0.54,25,['KVKSEGMENT_10']
3930,0.52,6,['KVKSEGMENT_1']
3933,2.4,5,['KVKSEGMENT_4']
3934,24.0,1,['KVKSEGMENT_8']
3935,0.56,25,['E3D']
3937,24.0,1,['E3B']
3938,0.54,25,['E3A']
3939,24.0,1,['KVKSEGMENT_8']
3940,8.0,7,['E3C']
3941,24.0,1,['KVKSEGMENT_1']
3943,1.2,14,['KVKSEGMENT_8']
3944,8.0,7,['KVKSEGMENT_8']
3945,24.0,1,['KVKSEGMENT_15']
3946,0.75,13,['E3A']
3947,1.0,0,['E3C']
3948,24.0,1,['KVKSEGMENT_19']
3949,24.0,1,['KVKSEGMENT_13']
3950,0.5,6,['E3B']
3951,1.6,18,['KVKSEGMENT_1']
3952,0.5,6,['KVKSEGMENT_8']
3953,12.0,2,['KVKSEGMENT_1']
3954,0.54,25,['E3A']
3955,0.5,6,['KVKSEGMENT_1']
3956,0.53,6,['KVKSEGMENT_11']
3957,24.0,1,['KVKSEGMENT_13']
3961,0.52,6,['E3A']
3962,24.0,1,['E3C']
3963,0.5,6,['KVKSEGMENT_8']
3967,2.67,16,['E3A']
3968,0.52,6,['KVKSEGMENT_1']
3971,0.5,6,['KVKSEGMENT_12']
3973,24.0,1,['KVKSEGMENT_13']
3975,5.99,4,['KVKSEGMENT_19']
3976,24.0,1,['KVKSEGMENT_15']
3977,0.57,25,['KVKSEGMENT_18']
3978,12.0,2,['KVKSEGMENT_8']
3980,24.0,1,['KVKSEGMENT_13']
3982,24.0,1,['E3C']
3983,24.0,1,['KVKSEGMENT_17']
3985,24.0,1,['E3A']
3986,1.0,0,['KVKSEGMENT_16']
3987,12.0,2,['E3D']
3988,6.0,4,['KVKSEGMENT_8']
3989,24.0,1,['E3C']
3990,0.53,6,['KVKSEGMENT_18']
3991,1.85,24,['KVKSEGMENT_18']
3992,24.0,1,['E3B']
3993,2.18,20,['KVKSEGMENT_20']
3994,0.54,25,['KVKSEGMENT_6']
3995,24.0,1,['KVKSEGMENT_15']
3997,24.0,1,['KVKSEGMENT_1']
3999,0.5,6,['E3A']
4001,24.0,1,['KVKSEGMENT_9']
4002,0.5,6,['KVKSEGMENT_14']
4003,8.0,7,['E3A']
4004,0.51,6,['E3A']
4007,0.55,25,['KVKSEGMENT_19']
4010,0.92,21,['KVKSEGMENT_1']
4011,0.5,6,['KVKSEGMENT_8']
4015,0.67,22,['E3B']
4016,24.0,1,['E3C']
4017,0.53,6,['KVKSEGMENT_16']
4018,0.5,6,['KVKSEGMENT_14']
4020,1.0,0,['KVKSEGMENT_14']
4021,24.0,1,['E3A']
4022,0.5,6,['KVKSEGMENT_18']
4023,0.6,17,['KVKSEGMENT_14']
4024,24.0,1,['E3B']
4027,0.75,13,['E3A']
4029,24.0,1,['KVKSEGMENT_4']
4030,24.0,1,['E3B']
4031,6.0,4,['KVKSEGMENT_13']
4032,24.0,1,['KVKSEGMENT_13']
4037,24.0,1,['KVKSEGMENT_8']
4040,0.6,17,['E3A']
4041,0.57,25,['E3C']
4043,4.0,8,['KVKSEGMENT_1']
4044,0.51,6,['KVKSEGMENT_10']
4046,6.0,4,['E3B']
4047,12.0,2,['E3C']
4048,1.41,10,['KVKSEGMENT_18']
4050,24.0,1,['KVKSEGMENT_11']
4051,0.56,25,['E3A']
4052,1.25,19,['KVKSEGMENT_17']
4053,24.0,1,['E3B']
4054,0.61,17,['KVKSEGMENT_10']
4057,0.57,25,['E3A']
4059,0.63,22,['KVKSEGMENT_17']
4060,0.51,6,['KVKSEGMENT_10']
4061,0.8,13,['E3B']
4063,0.52,6,['KVKSEGMENT_13']
4064,0.5,6,['E3A']
4065,0.6,17,['KVKSEGMENT_8']
4066,2.22,20,['E3A']
4067,0.51,6,['KVKSEGMENT_17']
4071,0.5,6,['KVKSEGMENT_1']
4072,2.0,9,['KVKSEGMENT_8']
4075,2.4,5,['KVKSEGMENT_2']
4076,0.5,6,['E3A']
4077,0.53,6,['KVKSEGMENT_10']
4079,0.51,6,['KVKSEGMENT_10']
4080,0.53,6,['E3C']
4081,0.76,13,['KVKSEGMENT_16']
4082,24.0,1,['E3C']
4083,1.33,19,['KVKSEGMENT_4']
4086,0.55,25,['E3B']
4087,24.0,1,['E3B']
4088,24.0,1,['KVKSEGMENT_8']
4089,12.0,2,['E3A']
4091,0.63,22,['KVKSEGMENT_19']
4092,1.33,19,['KVKSEGMENT_18']
4095,0.59,17,['E3D']
4096,6.0,4,['KVKSEGMENT_4']
4097,0.5,6,['E3C']
4099,0.92,21,['KVKSEGMENT_8']
4101,0.53,6,['KVKSEGMENT_1']
4102,1.0,0,['E3A']
4103,24.0,1,['E3B']
4104,24.0,1,['KVKSEGMENT_4']
4106,1.2,14,['KVKSEGMENT_8']
4107,0.57,25,['KVKSEGMENT_12']
4111,1.71,18,['KVKSEGMENT_14']
4113,0.53,6,['KVKSEGMENT_16']
4114,24.0,1,['KVKSEGMENT_19']
4115,0.57,25,['KVKSEGMENT_1']
4116,0.52,6,['E3A']
4118,24.0,1,['E3B']
4119,0.54,25,['E3A']
4122,24.0,1,['KVKSEGMENT_4']
4123,0.55,25,['KVKSEGMENT_12']
4124,24.0,1,['E3A']
4126,0.5,6,['KVKSEGMENT_13']
4127,1.0,0,['KVKSEGMENT_8']
4128,24.0,1,['E3B']
4129,24.0,1,['E3B']
4130,4.8,12,['KVKSEGMENT_6']
4131,1.71,18,['KVKSEGMENT_18']
4132,0.5,6,['KVKSEGMENT_16']
4133,6.0,4,['E3C']
4134,1.5,10,['E3A']
4135,24.0,1,['KVKSEGMENT_8']
4137,0.75,13,['KVKSEGMENT_8']
4140,24.0,1,['E3A']
4141,0.53,6,['KVKSEGMENT_18']
4143,8.0,7,['KVKSEGMENT_1']
4144,0.52,6,['KVKSEGMENT_1']
4146,1.0,0,['E3B']
4147,24.0,1,['KVKSEGMENT_19']
4148,0.52,6,['E3C']
4149,24.0,1,['E3A']
4150,24.0,1,['KVKSEGMENT_8']
4151,24.0,1,['E3B']
4152,0.52,6,['E3C']
4153,12.0,2,['E3A']
4154,2.0,9,['E3C']
4155,0.53,6,['KVKSEGMENT_13']
4156,24.0,1,['KVKSEGMENT_4']
4157,6.0,4,['KVKSEGMENT_8']
4158,24.0,1,['KVKSEGMENT_10']
4159,0.6,17,['KVKSEGMENT_12']
4161,0.56,25,['KVKSEGMENT_20']
4162,24.0,1,['KVKSEGMENT_1']
4163,0.5,6,['KVKSEGMENT_8']
4165,12.0,2,['E3A']
4166,0.52,6,['E3B']
4167,2.4,5,['KVKSEGMENT_8']
4168,0.54,25,['KVKSEGMENT_10']
4169,24.0,1,['E3A']
4170,0.5,6,['KVKSEGMENT_16']
4171,24.0,1,['KVKSEGMENT_1']
4173,1.26,19,['E3A']
4174,0.51,6,['KVKSEGMENT_14']
4175,24.0,1,['E3C']
4176,12.0,2,['KVKSEGMENT_2']
4177,0.51,6,['KVKSEGMENT_10']
4178,1.2,14,['KVKSEGMENT_1']
4179,0.51,6,['KVKSEGMENT_18']
4180,0.5,6,['E3C']
4181,1.0,0,['E3C']
4182,24.0,1,['KVKSEGMENT_2']
4183,1.51,10,['KVKSEGMENT_13']
4185,0.54,25,['E3A']
4186,24.0,1,['KVKSEGMENT_8']
4188,0.71,13,['KVKSEGMENT_1']
4189,11.98,2,['E3A']
4190,24.0,1,['KVKSEGMENT_18']
4191,1.33,19,['KVKSEGMENT_1']
4192,0.5,6,['E3C']
4194,0.55,25,['KVKSEGMENT_16']
4195,0.53,6,['E3A']
4196,24.0,1,['E3A']
4200,24.0,1,['KVKSEGMENT_4']
4201,24.0,1,['KVKSEGMENT_13']
4202,1.0,0,['KVKSEGMENT_8']
4203,0.57,25,['KVKSEGMENT_10']
4204,0.52,6,['KVKSEGMENT_11']
4205,1.0,0,['KVKSEGMENT_14']
4206,0.75,13,['E3C']
4208,24.0,1,['E3B']
4209,0.55,25,['E3B']
4210,0.63,22,['E3B']
4211,1.06,0,['E3A']
4213,0.5,6,['KVKSEGMENT_1']
4214,0.53,6,['E3A']
4216,12.0,2,['KVKSEGMENT_15']
4217,24.0,1,['E3B']
4220,0.5,6,['KVKSEGMENT_13']
4222,0.53,6,['E3B']
4224,12.0,2,['KVKSEGMENT_1']
4227,24.0,1,['E3D']
4228,0.5,6,['KVKSEGMENT_18']
4231,1.5,10,['KVKSEGMENT_8']
4233,2.0,9,['KVKSEGMENT_8']
4234,24.0,1,['KVKSEGMENT_14']
4235,0.6,17,['KVKSEGMENT_8']
4236,1.0,0,['KVKSEGMENT_4']
4239,0.51,6,['KVKSEGMENT_12']
4240,24.0,1,['E3B']
4241,8.0,7,['E3C']
4243,0.52,6,['KVKSEGMENT_16']
4244,24.0,1,['E3C']
4245,0.51,6,['E3A']
4246,24.0,1,['E3D']
4249,2.4,5,['E3C']
4250,1.14,14,['KVKSEGMENT_1']
4253,24.0,1,['KVKSEGMENT_14']
4254,1.33,19,['E3A']
4255,0.53,6,['KVKSEGMENT_7']
4259,6.0,4,['KVKSEGMENT_1']
4261,0.65,22,['E3B']
4262,1.04,0,['KVKSEGMENT_16']
4263,12.0,2,['E3A']
4264,0.5,6,['E3B']
4266,0.51,6,['E3A']
4268,0.75,13,['E3B']
4270,0.96,0,['KVKSEGMENT_10']
4272,12.0,2,['E3B']
4273,2.0,9,['KVKSEGMENT_20']
4274,24.0,1,['E3C']
4275,24.0,1,['KVKSEGMENT_14']
4276,0.55,25,['KVKSEGMENT_19']
4277,24.0,1,['E3B']
4279,24.0,1,['KVKSEGMENT_1']
4281,24.0,1,['KVKSEGMENT_20']
4283,24.0,1,['E3B']
4286,0.53,6,['KVKSEGMENT_17']
4287,24.0,1,['E3C']
4288,6.0,4,['KVKSEGMENT_1']
4290,6.0,4,['E3B']
4294,1.0,0,['E3A']
4295,24.0,1,['KVKSEGMENT_1']
4296,0.57,25,['E3A']
4297,6.0,4,['KVKSEGMENT_19']
4298,0.5,6,['E3A']
4300,24.0,1,['KVKSEGMENT_8']
4301,2.0,9,['KVKSEGMENT_8']
4303,24.0,1,['E3A']
4304,2.0,9,['KVKSEGMENT_4']
4306,0.8,13,['E3B']
4307,0.51,6,['KVKSEGMENT_20']
4308,0.5,6,['E3C']
4310,24.0,1,['E3B']
4311,3.0,11,['KVKSEGMENT_8']
4312,2.4,5,['KVKSEGMENT_1']
4314,0.53,6,['E3D']
4315,2.4,5,['KVKSEGMENT_4']
4316,0.52,6,['KVKSEGMENT_1']
4317,24.0,1,['KVKSEGMENT_13']
4319,0.51,6,['E3B']
4322,12.0,2,['KVKSEGMENT_1']
4323,24.0,1,['E3B']
4324,0.5,6,['KVKSEGMENT_12']
4325,12.0,2,['KVKSEGMENT_16']
4330,24.0,1,['KVKSEGMENT_16']
4331,24.0,1,['E3A']
4333,24.0,1,['KVKSEGMENT_18']
4334,24.0,1,['KVKSEGMENT_1']
4335,24.0,1,['E3C']
4336,0.5,6,['E3C']
4339,24.0,1,['KVKSEGMENT_1']
4341,0.76,13,['E3A']
4343,0.6,17,['KVKSEGMENT_16']
4345,24.0,1,['E3B']
4346,0.5,6,['E3A']
4347,2.4,5,['E3A']
4348,6.0,4,['KVKSEGMENT_13']
4350,0.55,25,['KVKSEGMENT_5']
4352,24.0,1,['E3A']
4354,6.0,4,['KVKSEGMENT_4']
4356,0.51,6,['KVKSEGMENT_18']
4358,0.86,21,['KVKSEGMENT_8']
4359,0.5,6,['KVKSEGMENT_20']
4361,0.54,25,['E3C']
4363,24.0,1,['KVKSEGMENT_4']
4365,0.62,17,['E3B']
4367,0.5,6,['E3A']
4369,24.0,1,['E3C']
4370,0.6,17,['E3D']
4371,12.0,2,['E3A']
4372,0.5,6,['KVKSEGMENT_8']
4375,0.5,6,['KVKSEGMENT_2']
4376,6.0,4,['KVKSEGMENT_7']
4378,24.0,1,['KVKSEGMENT_20']
4379,24.0,1,['KVKSEGMENT_12']
4380,24.0,1,['KVKSEGMENT_1']
4381,24.0,1,['E3C']
4382,2.0,9,['E3A']
4383,0.52,6,['KVKSEGMENT_2']
4384,24.0,1,['KVKSEGMENT_1']
4385,0.59,17,['E3D']
4387,0.5,6,['KVKSEGMENT_4']
4389,0.51,6,['E3A']
4390,0.51,6,['E3A']
4391,2.0,9,['KVKSEGMENT_8']
4393,0.51,6,['E3A']
4394,0.5,6,['E3B']
4396,24.0,1,['KVKSEGMENT_14']
4397,2.0,9,['KVKSEGMENT_18']
4398,1.0,0,['KVKSEGMENT_14']
4399,12.0,2,['KVKSEGMENT_1']
4400,1.17,14,['E3A']
4402,1.33,19,['KVKSEGMENT_18']
4404,24.0,1,['KVKSEGMENT_4']
4405,24.0,1,['E3B']
4406,24.0,1,['E3B']
4407,24.0,1,['KVKSEGMENT_4']
4408,0.54,25,['KVKSEGMENT_16']
4409,1.0,0,['KVKSEGMENT_14']
4410,0.78,13,['KVKSEGMENT_16']
4412,0.5,6,['KVKSEGMENT_2']
4413,24.0,1,['KVKSEGMENT_1']
4415,24.0,1,['KVKSEGMENT_16']
4418,24.0,1,['E3B']
4420,24.0,1,['E3C']
4424,24.0,1,['E3B']
4425,0.66,22,['KVKSEGMENT_20']
4426,24.0,1,['KVKSEGMENT_19']
4427,24.0,1,['KVKSEGMENT_12']
4430,24.0,1,['KVKSEGMENT_1']
4431,0.51,6,['E3A']
4433,0.5,6,['KVKSEGMENT_8']
4434,1.14,14,['E3C']
4435,0.71,13,['KVKSEGMENT_10']
4436,0.61,17,['KVKSEGMENT_11']
4438,0.54,25,['E3B']
4439,24.0,1,['E3A']
4440,0.59,17,['KVKSEGMENT_18']
4443,0.51,6,['KVKSEGMENT_18']
4444,24.0,1,['E3B']
4445,4.0,8,['KVKSEGMENT_8']
4446,24.0,1,['E3A']
4447,24.0,1,['KVKSEGMENT_4']
4448,0.53,6,['KVKSEGMENT_16']
4449,0.51,6,['KVKSEGMENT_10']
4450,24.0,1,['KVKSEGMENT_18']
4451,24.0,1,['KVKSEGMENT_4']
4453,0.5,6,['E3A']
4455,0.5,6,['E3A']
4456,24.0,1,['KVKSEGMENT_16']
4457,24.0,1,['E3B']
4458,12.0,2,['KVKSEGMENT_16']
4461,24.0,1,['E3A']
4462,0.75,13,['KVKSEGMENT_2']
4464,0.89,21,['E3B']
4465,0.5,6,['KVKSEGMENT_13']
4467,0.59,17,['KVKSEGMENT_10']
4468,0.67,22,['KVKSEGMENT_8']
4471,0.51,6,['KVKSEGMENT_16']
4472,24.0,1,['E3A']
4473,24.0,1,['E3B']
4476,24.0,1,['KVKSEGMENT_14']
4478,8.0,7,['KVKSEGMENT_6']
4479,24.0,1,['E3A']
4480,24.0,1,['KVKSEGMENT_13']
4481,24.0,1,['KVKSEGMENT_16']
4482,0.56,25,['E3A']
4483,1.0,0,['KVKSEGMENT_8']
4484,24.0,1,['KVKSEGMENT_8']
4485,24.0,1,['E3B']
4487,0.5,6,['KVKSEGMENT_8']
4488,1.04,0,['E3A']
4490,0.58,17,['KVKSEGMENT_15']
4491,0.55,25,['E3A']
4492,24.0,1,['KVKSEGMENT_10']
4493,0.67,22,['E3B']
4494,1.33,19,['KVKSEGMENT_1']
4495,24.0,1,['KVKSEGMENT_8']
4496,8.0,7,['E3B']
4498,24.0,1,['E3C']
4499,1.34,19,['E3B']
4500,24.0,1,['E3A']
4501,24.0,1,['KVKSEGMENT_14']
4503,24.0,1,['KVKSEGMENT_8']
4504,24.0,1,['E3C']
4505,6.0,4,['E3B']
4506,24.0,1,['KVKSEGMENT_20']
4507,24.0,1,['E3B']
4508,0.5,6,['KVKSEGMENT_8']
4509,24.0,1,['KVKSEGMENT_4']
4510,24.0,1,['KVKSEGMENT_1']
4511,0.54,25,['E3B']
4516,0.51,6,['KVKSEGMENT_14']
4517,24.0,1,['KVKSEGMENT_16']
4518,0.57,25,['KVKSEGMENT_15']
4519,0.51,6,['KVKSEGMENT_2']
4520,0.53,6,['KVKSEGMENT_16']
4521,0.5,6,['KVKSEGMENT_18']
4522,0.58,17,['KVKSEGMENT_11']
4523,4.8,12,['E3B']
4524,24.0,1,['KVKSEGMENT_4']
4525,24.0,1,['E3B']
4528,0.52,6,['E3B']
4529,24.0,1,['KVKSEGMENT_1']
4530,0.51,6,['KVKSEGMENT_10']
4532,0.5,6,['KVKSEGMENT_11']
4533,24.0,1,['KVKSEGMENT_10']
4534,24.0,1,['E3A']
4535,24.0,1,['E3B']
4536,0.59,17,['KVKSEGMENT_1']
4539,0.54,25,['KVKSEGMENT_4']
4540,2.67,16,['E3A']
4541,11.98,2,['KVKSEGMENT_16']
4542,1.41,10,['KVKSEGMENT_4']
4543,1.19,14,['E3A']
4544,2.67,16,['KVKSEGMENT_18']
4545,0.54,25,['KVKSEGMENT_10']
4547,0.5,6,['E3C']
4548,12.0,2,['KVKSEGMENT_10']
4549,0.52,6,['E3B']
4550,0.56,25,['KVKSEGMENT_15']
4553,24.0,1,['E3D']
4555,0.61,17,['E3B']
4558,24.0,1,['E3C']
4561,0.92,21,['KVKSEGMENT_10']
4562,3.43,15,['E3C']
4563,0.5,6,['KVKSEGMENT_14']
4565,24.0,1,['E3B']
4566,0.93,21,['KVKSEGMENT_10']
4567,0.58,17,['KVKSEGMENT_18']
4568,0.53,6,['E3B']
4569,12.0,2,['KVKSEGMENT_2']
4570,0.5,6,['KVKSEGMENT_14']
4571,0.5,6,['E3B']
4574,24.0,1,['KVKSEGMENT_1']
4575,12.0,2,['E3B']
4577,1.2,14,['KVKSEGMENT_4']
4582,24.0,1,['KVKSEGMENT_18']
4583,1.0,0,['E3D']
4584,24.0,1,['E3B']
4585,24.0,1,['E3A']
4586,0.5,6,['KVKSEGMENT_16']
4587,3.0,11,['KVKSEGMENT_8']
4589,0.53,6,['E3D']
4591,24.0,1,['KVKSEGMENT_15']
4592,0.58,17,['E3A']
4594,24.0,1,['KVKSEGMENT_13']
4595,0.75,13,['KVKSEGMENT_8']
4596,0.86,21,['E3A']
4597,24.0,1,['KVKSEGMENT_13']
4598,1.33,19,['E3C']
4600,24.0,1,['E3A']
4602,0.55,25,['E3A']
4607,0.55,25,['E3A']
4608,1.41,10,['E3B']
4609,24.0,1,['E3A']
4611,24.0,1,['E3C']
4612,0.52,6,['KVKSEGMENT_13']
4613,24.0,1,['KVKSEGMENT_12']
4614,0.51,6,['E3C']
4615,7.99,7,['E3A']
4616,0.71,13,['E3A']
4625,0.92,21,['E3B']
4626,24.0,1,['E3C']
4627,1.17,14,['KVKSEGMENT_1']
4629,0.67,22,['KVKSEGMENT_7']
4631,24.0,1,['KVKSEGMENT_1']
4633,24.0,1,['E3A']
4634,0.51,6,['KVKSEGMENT_12']
4635,0.52,6,['E3C']
4637,24.0,1,['E3A']
4639,24.0,1,['KVKSEGMENT_8']
4640,24.0,1,['KVKSEGMENT_17']
4641,0.5,6,['E3A']
4642,1.14,14,['KVKSEGMENT_14']
4645,0.52,6,['KVKSEGMENT_10']
4646,0.57,25,['KVKSEGMENT_2']
4647,24.0,1,['E3A']
4649,0.5,6,['E3A']
4651,24.0,1,['KVKSEGMENT_8']
4652,24.0,1,['E3A']
4655,2.0,9,['KVKSEGMENT_4']
4657,24.0,1,['E3C']
4658,0.52,6,['E3D']
4660,0.6,17,['E3A']
4661,0.52,6,['KVKSEGMENT_6']
4662,24.0,1,['E3D']
4663,24.0,1,['KVKSEGMENT_8']
4664,1.85,24,['E3C']
4665,0.67,22,['KVKSEGMENT_1']
4666,24.0,1,['KVKSEGMENT_8']
4667,24.0,1,['E3B']
4670,24.0,1,['KVKSEGMENT_13']
4671,24.0,1,['KVKSEGMENT_4']
4672,24.0,1,['KVKSEGMENT_18']
4673,0.86,21,['KVKSEGMENT_8']
4674,24.0,1,['KVKSEGMENT_1']
4675,0.57,25,['E3B']
4677,24.0,1,['KVKSEGMENT_4']
4679,0.61,17,['KVKSEGMENT_8']
4680,0.5,6,['KVKSEGMENT_8']
4682,24.0,1,['KVKSEGMENT_1']
4683,0.56,25,['E3D']
4685,24.0,1,['E3A']
4688,24.0,1,['E3A']
4689,24.0,1,['E3A']
4690,6.0,4,['KVKSEGMENT_12']
4691,24.0,1,['KVKSEGMENT_8']
4692,24.0,1,['E3A']
4693,24.0,1,['E3C']
4694,24.0,1,['KVKSEGMENT_8']
4696,24.0,1,['E3A']
4699,1.2,14,['E3C']
4700,12.0,2,['KVKSEGMENT_18']
4702,24.0,1,['E3A']
4703,24.0,1,['KVKSEGMENT_18']
4706,24.0,1,['KVKSEGMENT_9']
4707,12.0,2,['KVKSEGMENT_17']
4708,24.0,1,['KVKSEGMENT_7']
4709,24.0,1,['KVKSEGMENT_4']
4710,24.0,1,['E3C']
4711,24.0,1,['KVKSEGMENT_14']
4712,24.0,1,['E3C']
4713,0.5,6,['KVKSEGMENT_14']
4714,0.57,25,['KVKSEGMENT_12']
4718,24.0,1,['KVKSEGMENT_16']
4719,12.0,2,['E3A']
4720,24.0,1,['E3B']
4721,12.0,2,['KVKSEGMENT_13']
4723,0.54,25,['E3A']
4724,0.7,22,['KVKSEGMENT_13']
4726,24.0,1,['KVKSEGMENT_12']
4727,0.57,25,['E3A']
4729,0.55,25,['KVKSEGMENT_4']
4730,24.0,1,['E3A']
4731,0.52,6,['E3A']
4732,24.0,1,['KVKSEGMENT_1']
4736,0.55,25,['KVKSEGMENT_14']
4737,1.0,0,['E3C']
4738,0.5,6,['E3C']
4740,0.67,22,['E3A']
4741,24.0,1,['KVKSEGMENT_2']
4742,24.0,1,['E3C']
4743,12.0,2,['KVKSEGMENT_1']
4746,12.0,2,['KVKSEGMENT_16']
4749,24.0,1,['KVKSEGMENT_14']
4750,0.5,6,['E3C']
4752,0.5,6,['E3C']
4754,24.0,1,['KVKSEGMENT_8']
4755,24.0,1,['E3C']
4756,0.65,22,['KVKSEGMENT_16']
4758,2.0,9,['KVKSEGMENT_8']
4761,0.52,6,['KVKSEGMENT_6']
4762,24.0,1,['E3A']
4763,24.0,1,['E3C']
4764,12.0,2,['KVKSEGMENT_20']
4765,0.68,22,['E3B']
4766,0.55,25,['KVKSEGMENT_6']
4767,24.0,1,['KVKSEGMENT_4']
4768,0.54,25,['E3D']
4769,24.0,1,['KVKSEGMENT_1']
4771,0.52,6,['E3B']
4772,24.0,1,['E3C']
4773,12.0,2,['E3C']
4774,24.0,1,['KVKSEGMENT_20']
4775,1.2,14,['KVKSEGMENT_8']
4776,0.86,21,['E3B']
4777,24.0,1,['KVKSEGMENT_13']
4778,2.18,20,['E3C']
4780,24.0,1,['KVKSEGMENT_1']
4781,24.0,1,['E3B']
4782,0.67,22,['KVKSEGMENT_8']
4786,24.0,1,['E3B']
4789,24.0,1,['E3C']
4790,24.0,1,['E3B']
4791,6.0,4,['KVKSEGMENT_4']
4793,0.5,6,['KVKSEGMENT_1']
4794,0.53,6,['E3C']
4795,1.26,19,['KVKSEGMENT_16']
4798,0.71,13,['E3A']
4799,0.53,6,['E3A']
4800,24.0,1,['E3B']
4802,8.0,7,['KVKSEGMENT_19']
4803,24.0,1,['KVKSEGMENT_13']
4804,0.56,25,['E3A']
4808,12.0,2,['KVKSEGMENT_19']
4811,0.86,21,['KVKSEGMENT_1']
4812,24.0,1,['KVKSEGMENT_10']
4813,0.5,6,['E3C']
4814,24.0,1,['E3A']
4816,24.0,1,['KVKSEGMENT_8']
4818,24.0,1,['E3B']
4821,0.5,6,['E3A']
4822,0.59,17,['KVKSEGMENT_2']
4823,0.6,17,['E3B']
4825,3.43,15,['E3B']
4826,0.5,6,['E3A']
4828,24.0,1,['E3A']
4829,24.0,1,['E3C']
4830,24.0,1,['KVKSEGMENT_1']
4832,12.0,2,['E3A']
4833,24.0,1,['KVKSEGMENT_19']
4834,0.55,25,['KVKSEGMENT_17']
4836,24.0,1,['KVKSEGMENT_8']
4837,6.0,4,['KVKSEGMENT_1']
4841,0.5,6,['E3C']
4842,24.0,1,['E3C']
4843,24.0,1,['KVKSEGMENT_8']
4844,0.51,6,['KVKSEGMENT_13']
4846,4.0,8,['E3C']
4847,24.0,1,['E3A']
4848,0.5,6,['E3C']
4850,24.0,1,['E3C']
4852,0.64,22,['E3C']
4853,0.51,6,['E3B']
4855,0.57,25,['E3A']
4856,24.0,1,['KVKSEGMENT_4']
4857,1.33,19,['KVKSEGMENT_2']
4858,1.0,0,['KVKSEGMENT_8']
4861,24.0,1,['KVKSEGMENT_13']
4862,24.0,1,['KVKSEGMENT_17']
4863,24.0,1,['KVKSEGMENT_13']
4864,1.0,0,['KVKSEGMENT_14']
4865,24.0,1,['KVKSEGMENT_1']
4866,2.0,9,['KVKSEGMENT_16']
4867,24.0,1,['KVKSEGMENT_1']
4869,0.98,0,['KVKSEGMENT_9']
4870,24.0,1,['KVKSEGMENT_14']
4871,24.0,1,['E3C']
4872,24.0,1,['E3B']
4874,8.0,7,['KVKSEGMENT_16']
4875,12.0,2,['KVKSEGMENT_16']
4876,1.71,18,['KVKSEGMENT_8']
4877,24.0,1,['KVKSEGMENT_8']
4880,1.21,14,['KVKSEGMENT_16']
4881,1.0,0,['E3C']
4883,0.51,6,['E3C']
4884,0.6,17,['E3A']
4885,24.0,1,['KVKSEGMENT_1']
4886,24.0,1,['KVKSEGMENT_15']
4888,8.0,7,['E3A']
4890,0.56,25,['E3C']
4891,24.0,1,['KVKSEGMENT_15']
4893,0.61,17,['E3A']
4895,0.53,6,['E3B']
4896,0.59,17,['KVKSEGMENT_12']
4897,1.0,0,['KVKSEGMENT_14']
4900,0.5,6,['E3B']
4902,0.52,6,['E3D']
4903,24.0,1,['KVKSEGMENT_8']
4905,24.0,1,['KVKSEGMENT_1']
4907,24.0,1,['KVKSEGMENT_14']
4911,8.0,7,['E3A']
4912,0.52,6,['KVKSEGMENT_20']
4913,0.5,6,['KVKSEGMENT_16']
4914,24.0,1,['KVKSEGMENT_1']
4915,24.0,1,['KVKSEGMENT_10']
4917,24.0,1,['E3A']
4918,24.0,1,['E3B']
4919,0.5,6,['E3C']
4920,1.0,0,['KVKSEGMENT_2']
4921,24.0,1,['KVKSEGMENT_12']
4923,0.5,6,['KVKSEGMENT_4']
4925,24.0,1,['KVKSEGMENT_10']
4926,1.0,0,['KVKSEGMENT_1']
4928,24.0,1,['KVKSEGMENT_7']
4929,3.0,11,['KVKSEGMENT_14']
4930,24.0,1,['KVKSEGMENT_1']
4933,1.25,19,['E3B']
4934,1.33,19,['KVKSEGMENT_8']
4935,24.0,1,['E3A']
4937,1.0,0,['KVKSEGMENT_16']
4938,24.0,1,['E3C']
4939,1.0,0,['KVKSEGMENT_14']
4942,24.0,1,['KVKSEGMENT_8']
4943,24.0,1,['KVKSEGMENT_18']
4944,0.53,6,['E3A']
4945,1.19,14,['E3C']
4946,24.0,1,['KVKSEGMENT_16']
4947,2.0,9,['KVKSEGMENT_8']
4948,0.5,6,['E3C']
4949,1.85,24,['KVKSEGMENT_4']
4950,24.0,1,['KVKSEGMENT_1']
4953,0.51,6,['E3A']
4954,1.71,18,['E3A']
4957,24.0,1,['KVKSEGMENT_9']
4959,24.0,1,['KVKSEGMENT_10']
4960,24.0,1,['E3B']
4961,12.0,2,['KVKSEGMENT_1']
4963,0.54,25,['E3B']
4964,24.0,1,['E3B']
4965,0.68,22,['KVKSEGMENT_4']
4966,24.0,1,['KVKSEGMENT_1']
4969,12.0,2,['KVKSEGMENT_19']
4970,24.0,1,['E3C']
4971,0.53,6,['KVKSEGMENT_1']
4972,24.0,1,['E3B']
4973,24.0,1,['E3A']
4974,0.5,6,['E3B']
4976,0.6,17,['KVKSEGMENT_1']
4977,24.0,1,['KVKSEGMENT_9']
4980,0.5,6,['E3B']
4981,24.0,1,['KVKSEGMENT_4']
4982,12.0,2,['KVKSEGMENT_4']
4983,24.0,1,['KVKSEGMENT_8']
4984,0.6,17,['E3C']
4985,0.55,25,['KVKSEGMENT_6']
4986,24.0,1,['E3C']
4990,0.92,21,['KVKSEGMENT_18']
4991,12.0,2,['KVKSEGMENT_16']
4992,24.0,1,['KVKSEGMENT_13']
4993,0.89,21,['KVKSEGMENT_4']
4995,24.0,1,['E3B']
4997,0.5,6,['KVKSEGMENT_16']
5000,0.53,6,['E3A']
